CREATE DATABASE  IF NOT EXISTS `gym` /*!40100 DEFAULT CHARACTER SET latin1 */;
USE `gym`;
-- MySQL dump 10.13  Distrib 5.1.40, for Win32 (ia32)
--
-- Host: localhost    Database: gym
-- ------------------------------------------------------
-- Server version	5.1.44-community

/*!40101 SET @OLD_CHARACTER_SET_CLIENT=@@CHARACTER_SET_CLIENT */;
/*!40101 SET @OLD_CHARACTER_SET_RESULTS=@@CHARACTER_SET_RESULTS */;
/*!40101 SET @OLD_COLLATION_CONNECTION=@@COLLATION_CONNECTION */;
/*!40101 SET NAMES utf8 */;
/*!40103 SET @OLD_TIME_ZONE=@@TIME_ZONE */;
/*!40103 SET TIME_ZONE='+00:00' */;
/*!40014 SET @OLD_UNIQUE_CHECKS=@@UNIQUE_CHECKS, UNIQUE_CHECKS=0 */;
/*!40014 SET @OLD_FOREIGN_KEY_CHECKS=@@FOREIGN_KEY_CHECKS, FOREIGN_KEY_CHECKS=0 */;
/*!40101 SET @OLD_SQL_MODE=@@SQL_MODE, SQL_MODE='NO_AUTO_VALUE_ON_ZERO' */;
/*!40111 SET @OLD_SQL_NOTES=@@SQL_NOTES, SQL_NOTES=0 */;

--
-- Table structure for table `equipment_vehicle`
--

DROP TABLE IF EXISTS `equipment_vehicle`;
/*!40101 SET @saved_cs_client     = @@character_set_client */;
/*!40101 SET character_set_client = utf8 */;
CREATE TABLE `equipment_vehicle` (
  `id_vehicle` int(11) NOT NULL AUTO_INCREMENT,
  `registration_num` varchar(45) DEFAULT NULL,
  `defects_faults` text,
  `remarks` text,
  `repairdate` date DEFAULT NULL,
  `repairername` varchar(45) DEFAULT NULL,
  `checkedby` varchar(45) DEFAULT NULL,
  `dateofchecking` date DEFAULT NULL,
  `dateofenextcheck` date DEFAULT NULL,
  `engineoillevel` binary(1) DEFAULT NULL,
  `coolantlevel` binary(1) DEFAULT NULL,
  `powersteeringoil` binary(1) DEFAULT NULL,
  `brakefluidlevel` binary(1) DEFAULT NULL,
  `tail_platelights` binary(1) DEFAULT NULL,
  `windscrnwipers` binary(1) DEFAULT NULL,
  `windscrnwashers` binary(1) DEFAULT NULL,
  `windscreenclean` binary(1) DEFAULT NULL,
  `mirrors` binary(1) DEFAULT NULL,
  `horn` binary(1) DEFAULT NULL,
  `sidelights` binary(1) DEFAULT NULL,
  `dippedbeam` binary(1) DEFAULT NULL,
  `fullbeam` binary(1) DEFAULT NULL,
  `brakelights` binary(1) DEFAULT NULL,
  `foglights` binary(1) DEFAULT NULL,
  `indicators` binary(1) DEFAULT NULL,
  `reverselights` binary(1) DEFAULT NULL,
  `hazardlights` binary(1) DEFAULT NULL,
  `interior_steplights` binary(1) DEFAULT NULL,
  `firstaidkit_stocked` binary(1) DEFAULT NULL,
  `fireextinguisher` binary(1) DEFAULT NULL,
  `bodywork` binary(1) DEFAULT NULL,
  `seatbeltsfront` binary(1) DEFAULT NULL,
  `seatbeltsrear` binary(1) DEFAULT NULL,
  `tyresfrontpres47` binary(1) DEFAULT NULL,
  `tyresback63` binary(1) DEFAULT NULL,
  `bookedintogarage` binary(1) DEFAULT NULL,
  PRIMARY KEY (`id_vehicle`),
  UNIQUE KEY `id_vehicle_UNIQUE` (`id_vehicle`)
) ENGINE=InnoDB DEFAULT CHARSET=latin1;
/*!40101 SET character_set_client = @saved_cs_client */;

--
-- Dumping data for table `equipment_vehicle`
--

LOCK TABLES `equipment_vehicle` WRITE;
/*!40000 ALTER TABLE `equipment_vehicle` DISABLE KEYS */;
/*!40000 ALTER TABLE `equipment_vehicle` ENABLE KEYS */;
UNLOCK TABLES;

--
-- Table structure for table `file`
--

DROP TABLE IF EXISTS `file`;
/*!40101 SET @saved_cs_client     = @@character_set_client */;
/*!40101 SET character_set_client = utf8 */;
CREATE TABLE `file` (
  `id_file` smallint(5) unsigned NOT NULL AUTO_INCREMENT,
  `file_name` varchar(64) NOT NULL,
  `file_size` mediumint(8) unsigned NOT NULL,
  `file` mediumblob NOT NULL,
  PRIMARY KEY (`id_file`)
) ENGINE=InnoDB AUTO_INCREMENT=65535 DEFAULT CHARSET=latin1;
/*!40101 SET character_set_client = @saved_cs_client */;

--
-- Dumping data for table `file`
--

LOCK TABLES `file` WRITE;
/*!40000 ALTER TABLE `file` DISABLE KEYS */;
INSERT INTO `file` VALUES (8,'xSTA70963.jpg',53959,'\0JFIF\0\0`\0`\0\0Exif\0\0MM\0*\0\0\0\0\0\0\0\0\Z\0\0\0\0\0\0\0\0\0\0\0\0\0\0\0\0\0\Z\0\0\0\0\0\0\0\0\0\0\0\0\0\0(\0\0\0\0\0\0\01\0\0\0\0\n\0\0\02\0\0\0\0\0\0\0\0\0\0\0\0\0\0\0\0\0\0\0\0\0i\0\0\0\0\0\0\0\0\0SAMSUNG TECHWIN CO., LTD.\0Digimax A7/Kenox D7\0\0\0 \0\0\0\0\0 \0\0\00090.0017 2007:12:28 07:09:04\0Copyright 2004\0\0\0!\0\0\0\0\0\0\0\0\0\0\0\0\"\0\0\0\0\0\0\0\'\0\0\0\0\0\0\0\0\0\0\0\00210\0\0\0\0\0\0\0\0\0\0\0\0\0\0\0\0\0\0\0\0\0\0\0Ȓ\0\n\0\0\0\0\0В\0\0\0\0\0\0ؒ\0\n\0\0\0\0\0\0\0\0\0\0\0\0\0\0\0\0\0\0\0\0\0\0\0\0\0\0	\0\0\0\0\0\0\0\n\0\0\0\0\0\0|\0\0\0\0\0\0\0\0\0\00100\0\0\0\0\0\0\0\0\0\0\0\0\0@\0\0\0\0\0\0\0\0\0\0\0\0Ģ\0\0\0\0\0\0\0\0\0\0\0\0\0\0\0\0\0\0\0\0\0\0\0\0\0\0\0\0\0\0\0\0\0\0\0\0\0\0\0\0\0\0\0\0\0\0\0\0\0\0\0\0\0\0\0\0\0\0\0\n\0\0\0\0\0\0\0\0\0	\0\0\0\0\0\0\0\0\0\0\0\0\0\0\0\0\0\0\0\0\0\0\n2007:12:28 07:09:04\02007:12:28 07:09:04\0\0:p\0L\0\0\0+\0\0\0\02\0\0\0\0\0\0\0\0\0\0\02\0\0\0\0\0\0 ZP:814; FP:224; AWB:440,367; PWB:516,288; PMF:88,81; LV:312; \0\0\0\0\0\0\0\0\0\0\0\0\0\0\0\0\0\0\0\0\0\0\0\0\0\0\0\0\0\0\0\0\0\0\0\0\0\0\0\0\0\0\0\0\0\0\0\0\0\0\0\0\0\0\0\0\0\0\0\0\0\0\0\0\0\0 ET:128; RL:10 10 35 18 34 38 18 3 RW:0 85 17 17 17 86 17 17 \0\0\0\0\0\0\0\0\0\0\0\0\0\0\0\0\0\0\0\0\0\0\0\0\0\0\0\0\0\0\0\0\0\0\0DF: 2 2 3 2 2 2 2 2\0\0\0\0\0\0\0\0\0\0\0\0\0\0\0\0\0\0\0\0\0\0\0\0\0\0\0\0\0\0\0\0\0\0\0\0\0\0\0\0\0\0\0\0\0\0\0\0\0\0\0\0\0\0\0\0\0\0\0\0\0\0\0\0\0\0\0\0\0\0\0\0\0\0\0\0\0\0\0\0\0\0\0\0\0\0\0\0\0\0\0\0\0\0\0\0\0\0\0\0\0\0\0\0\0\0\0\0\0\0\0\0\0\0\0\0\0\0\0\0\0\0\0\0\0\0\0\0\0\0\0\0\0\0\0\0\0\0\0\0\0\0\0\0\0\0\0\0\0\0\0\0\0\0\0\0\0\0\0\0\0\0\0\0\0\0\0\0\0\0\0\0\0\0\0\0\0\0\0\0\0\0\0\0\0\0\0\0\0\0\0\0\0\0\0\0\0\0\0\0\0\0\0\0\0\0\0\0\0\0\0\0\0\0\0\0\0\0\0\0\0\0\0R98\0\0\0\0\0\00100\0\0\0\0\0\0\0\0\0d\0\0\0d\0\0\0\0\0\0\0\0\0\0\0\0\0\0\0\0\0\Z\0\0\0\0\0\0H\0\0\0\0\0\0P(\0\0\0\0\0\0\0\0\0\0\0\0\0X\0\0\0\0\0\0\0\0\0\0\0\0\0\0\0\0\0\0\0\0\0\0\0\0				\r\r\n\" \Z) #%&\'&*-*%-\"&&%				%%%%%%%%%%%%%%%%%%%%%%%%%%%%%%%%%%%%%%%%%%%%%%%%%%%\0\0\0\0\0\0\0\0\0\0	\n\0\0\0\0\0\0\0	\n\0\0\0}\0!1AQa\"q2#BR$3br	\n\Z%&\'()*456789:CDEFGHIJSTUVWXYZcdefghijstuvwxyz\0\0w\0!1AQaq\"2B	#3Rbr\n$4%\Z&\'()*56789:CDEFGHIJSTUVWXYZcdefghijstuvwxyz\0\0x\0!\0\0\0\0?\0iL79U\n\0lmS\r3չa\\d~^6#뚝.]׭\'`R]Fç=j2KtX\Z{-C1 z\na\r&(@{mSFM wc{rpi0DPus赳X[\0f.C-xɠ8M͛7n95abxRkNf^ϰ\0Ҏ6.dT8&Hc+dv< OO7wI4Z[;\0%p9\Zsf-	8?*0,8vZSgfz\0QI֠[~N֍\\6- d6vamޡ$m\r2s{KiD}\0;O&[?51M8Ss4xU~ɩ]X6$cs\'Sm#J0YB̔:M\"ҝ޽CcCRZ6TvÆ#5Į1}(6)%IpzfǞ\\4f*oQiSgQam\"S\0uT5#\0\0T7S[xƿϢU\r|D($a`u\rF;`wwG^u!LR31b#@BG~zHkS\0뷉  P&:qہY%\"X1UTxt֪醨-wM}\nHᢕmק\0e\"yY=44SwSO}q~ٜ?(Y^@,B:O\ZZrvA)T7ZuU*q{2FqW_?\nr\rO6Ho\Z5O*;h4\'?tFK{ClwWK3<CTz2>_?ֿMQk٘o5ɜF\rBɪ洆5g*Fw\r#6k@C9#.A^~#n.̲;r汫WTԓltV6${c\'%?CY7:fg\0s\'Qq+=V6?h`sJ(zrϯ\\J\'D(Q(\'ȩY4lwNn]Fqh8>5ܻ\Zx68\0=*袔A^գ1L~F=~5byn>985Fe\\V-Ԗ6+8\0\0:9IteN1Fֳ<KyTu)q8]I<7g\nH\"xkQf[X$9qU37Y&kͻ~560F9=j_-H@vɨ}5Nm00 18HXUQXW~?lP^CӗqBG|W_*דψVQYxe_QIE,GxwuZCiEUGv@C\rHz44md䤯ٷ,,ѭ--Ao;:r\ZVbpK=c\0|E6NmlFFyղS]]CO\r\n~O]	5OxnG䯘p9?k=rOO/bs;q..z#\0*8H*\0d\0q<¾>/fJGᾑs)R/c^ZrvMz~SFm0j֟sUcTF.\0rOo@џDx#\\Oihk%mD(vG^ߊ#K﬘ۺ\"9ujʏFgaW#|F{k}\'Td&feT^sݻ⓮^i0Y\'No$O>oqn*4bPs\"mXN<_SMXO}Rr9kub`&\0as\0_*p\0c͗uJ ze0dz*J0W[z&g?EUkam|>*N1G<*{N]F*w\07j(\"$.pc\n9\'<qjC).ft_{TۍX:/GBnT ?Fk):is*e\\~yGtI]3+\"Wn8 yAW+s62låX]Z3F*\nqOZqxCkWN+j}j~k11\Z65n]WoҺWzjw-k͓dߎ_~rvzuT*f΋#&wSUl~\'mK?\"a.wdU>ƦɩK_·IM9	\'}k¿jI,}ų+${U-d\0s^7$v\0KwJ	S\\fu-[8/bhU˟۸sǾ8e|c[B\"|6 ª/N\0V[HsOZ|<-]u̒[w4zp8s⋻OSEΩOY`vdp~lv?db5{4i&\0DD\\\Zw#OBL܁#/9\Z,t+Nf,(3IUyUjV{Ñx?{ok/ev`5,ϐ<[Ɏ:k\'UʸX4?E&eԇE儚}6I<~Qk.ʝΝ$Fp\0k!ԭIFVo4۱cBƺV.-qJPB9zwiҹ,T!\'J䚔vBZǰaj`a0>SARz;j]hG-3,Sʨ\0fsM՚$3\'%?ZRmvQ<s\\x^EQ\\ZUE,-һ#⫹ `=RxKjNZI\0ی5\"䕊ҽx$wjӛEKkߗ\Zxu/\"ݤPN+<!Y/c\"N4D\\>ډC}YH)$qfIM)q8UQц\n7$9#UK53T§ֺ_\n}X{\r?L7]c\\t>=S7ik\0_X]ƉbSǽO+\rtWZHuУ0Rx#qIjtƣ+/$Ih,,\"6*՝i/C\\s7kԥ4g\rC_H[i]c0?\ZRd\0gڴ˷__%1TYGwrc=:g\\YKIc$~x=]	9U jr٭=:$)=m*@M/X[(0g <KW@١}>?ddr\n&ʝ~S<9Qu{XT,`i#[l}nʆ\'$luI9UFvI*ww;Xa^Q6\ZkMj2?9hI隖̐Y3vq[Y<EW%\Z$T#5䙽{_OC]S\0\nu(?.2Ic\\ŴZuqt *Wwל~<An\"&UWRm\n0\0{vi7̤\nZPNiԇʶnGS~0Fa|\'Q5\"6!YWщZV^mBX\ZlG}=>#1IS{75>^*?FZbzknzb}>ͯ/ \0ֶɗ3^P\\R5-ldL 8$p4fCΫv#\"{Ws$\\]JYIvgutÏGhv4&FgA8\0Elߛ):K_iUhDVɗ?bq6(uouh،F\0|%̛]?Ў[VM+goj]NYeq8amRYf¬HOqCpIJ2uLK_&lε~iadOJc٭Ō#(\'#,̛J2kZZ˒6ʰJ*=GZ394?Z㹭cQCû\0THIP9ɮc\Z`د>٥!*w\'\\h?B=Pٝenڄ$0A+Yl[mmi:uk+ȿghbx`x\0h/i}a}c$Rn\0\0Ak(RH2TuE\0ռYỻ]Z|}kD[npu}EM?3>c5)IY[1ESZgX}z-\"	a\rH&HqdUFB!f5$vnݻz.Wx_6Y3p.L?z/gkxqQWf-.V]Sy*]Ň9<ִ0|<4{Sv~{w8P\'9#ez\\w.,G#Q2u:+j\nэ<WG?[ox0ٌ`zB0^cpAl4NNaѢ2ތ*y`W?sn:Z_˹Kk@L߻|$qsZ,MH$+aT8FNO55(-5+4J^}x;HE	ct>:\nshojwr	\ZD;:cgRj=3\rMN,VӪ4|}3ZJon[9N>\0ǅsJ,@ٯ.\'t\"ՅyvGj͗85IYB80;U:~P\'\"8a\0jkw<h\'}1LV:,o  ~uǭ&Tw,F3AM$ll\Z辅x{S%\"9N\0L$JG\0tWc~88$XM;VǤ+$mUL.c9o\'趱9Ey\\R;Gwgr%<B\0Cתx$tȒ)a*z31;ץU4FXZri=5IZ|\"Ej \n\Z=I T \0JGm\ZKb7cq\0Ȭռ.vbݑ#HOR{S)OaRZ,dzg5ǗkvMaOnw)ccTEr+T%gb!S[y\0Q	iK`\ncݚ>5aai#GZG\0\0C\0		\n\r\Z\Z $.\' \",#(7),01444\'9=82<.342\0C			\r\r2!!22222222222222222222222222222222222222222222222222\0\"\0\0\0\0\0\0\0\0\0\0\0\0	\n\0\0\0\0}\0!1AQa\"q2#BR$3br	\n\Z%&\'()*456789:CDEFGHIJSTUVWXYZcdefghijstuvwxyz\0\0\0\0\0\0\0\0	\n\0\0\0w\0!1AQaq\"2B	#3Rbr\n$4%\Z&\'()*56789:CDEFGHIJSTUVWXYZcdefghijstuvwxyz\0\0\0?\0pHR=Gjnx55I88F=s@X^y\'\0㞴ktQFi$\'8)R匰8Msi!\r͐\nX5jF<Tc(m W0tdZ.iW#ך}~WKX`z#m|Gn$oW:JՉHB\",CLCN%|Gy9)ךcK5vF$,P*X!!U?@?Z:Ɔ-XJO͔\0\Z5=+b5Y?6`\0\rH4˸3WUe{v2n$&K9\0u?ִl~\"}5ƛ%/1|^T(\\ISUKn\"oI&c*0Iy\0<zUk{hnR߂WCI[^q$@KՀ֩iS]#ƾg&׏AܐE\"I|#gIg\\N&*D_m/`$\\7]Ek=օ	?wDJKp28tS\\\\INp#UuK\nCG VU,lHYIYD#+i]e5n􄵀NK~Aqn%@1v\r;spJڼlϯz+Mv	ijA<y	3P`2w,o~e\0c{\nЁyb\0g³nJBi}My<႖!?w=?q막2y?]>x$wlzYLlvOz5s-\rmH!d2i.$HƧҲ|A6skkmu*Okj01ƛEw-Ȱ#WFki_g\nw99[3\0h<WkצV6cQsk)4{98oY?:$j+2w>@QSo\\Q=PG(8Ama5*JI+AտrK{\0iۣL>Mr3]4><l\n%-ar:KQMd궗KiX?iIhjrInBI?s߇AqpiƑ@s5v#jGY7y<\0%pon4v	l0c T/\Z\0s\0uviڍL7L0=oZͺɞ	WjF^8Kr\'rn=6hĩ_e!3A4F۽X\0r+c\\u{8R^\n2C~xգ1!RmCZTFb\0ں[?Ck1U\'@:KxSB\Z[L\0lva-colFeg#s!pzzr;ջ/帛b͎䚮TֱNXni;ќQayi~/.EAjEpz\nAqEƀqxya\'ރ,e#cNwk\"\r\ZqH\rzb\\{utɤ\0=qI2z0֢ǧJGۚLRffEߚ|jY^I]_H|=xÅEVE[emi夊@?A[g؋˶	L{Ӻ[C.kd#zm>xB`{~Ui})_n\0&\0_	+_)II;\0JӍ%.-u` ^*^\\g@ȩu;kwKUc?][){h$jTҊc,efJA&Dv֡&Y}2K30Ia,r˜gf[BK-<IR[XFpO\0	]e@Ȥ__Zow5DЯ*Ǝ[p_n\'-de$lA]e ?hytζ,ep\Z˞298Pѵ<=$ˠ\00=m/t c<.XʢB(=&.00{=뭺&_7n.;6Ɨ_eea#.Fc_9sVve>sj.DQ;@oT6TLR)HE`Fi.4}ecK	iLJwlvumvK)9$:jš$םGjgt(WCR{\ZRjm\\[G#]/\0ӷ$.rqOu}TVB+h_|n\0Jp׸9\'fhgJJALv+tM8$׽\ngMy-	H\r;$|t&]:NaFOqj}&h.e=?OZZ[I-Ğq?`\\d\"Fڥ;EĢֳ2]zp\'woPؚJfY`{,p%Gimm˻ҷbImP\0-in)Z\ZwR&?Qcu	՚T1ʢoUE*|x8MTTkv\r$X!csS\ZCu}(B?Oӡpi\Z1XM9\"wC6x,\n8VW$nA1>\\w.K(Kdyi3?\0^hwqo~G}{<xkx \0Y_<z\0Gs+}c}K	\\t?\01ʟgxp[*3=Ɠ\rsI\'GT<ư9tka,o6sI$!#rYL7[[\\q;+$*ǭl=Md+g)V3<eۜ s4A}x11=+F[y9\\3olgW5KwPT6>ql)@sSi\"Iu $qBe#fܥi~O$K-#\r#_G5x\ZH<+r\re%0.畽`1\\|\'z>gI>F31Av=p:\ZУZ\0KlRQS$\\~Tw4ށ4bP%a;\0#AsSs@X>)qO	c3QQ0*gjZ!0M^ڻ`H?C۽Q֧˓@<dظl׬pdӭ_Ҥg;CpMfZξB,{P<	,n;7I\"Tg\nn*]hAr!gɑ\Z;qܟ-R\\E݂?Vq֥lhfbh1M޴ur~f_xU54HeSyj6\0b\\鳘((<kReLeљ+jcO1uOrY0\'$yr	oru֯.$i@[XXng_@JI(S\nMƑ 7>pih&\'Ѭē۩<]>F0WIs\\׈m_~4϶}#p)6P$mA~qYeA^=*ԚAB +FXZ$eX`08dmNOP%T3\0V5[(lZ)8ڱuKg+pKNF1Lmۚ4;Qm8uRA%2w\"HU<㯥SӯgL6*}.Xr)8!c|^WP0	ö3M)]Y/5Ye\0X@zg?jXbe(O8$djmyQ&6zm	$M+=ܭ-]~Ջ<M;H+uVFd\'\'\0\\/k/},\":]+,C֪]ɰj\r:U{fP;VMwĲ8m\Z 2+F⹙%w2G\0<\\׺\ZG%Z3Kyrxں\nktФIk֕2*]cOvdI:sU=Flu6v6l#ϭiu6: ==fF_{Xy<T4|ZN z\ZFۅ酈$iO`uKkk\n\"=wrG=qX\0dw`M[BjrQYԐj$HJFy=;qPͩMDֳAWE#j}[?֬\r{=\'Py5]];jc52opZծgeFL1\0q\Z}ļoAOqWO:בۛXU->SI+Bm`JP\'~!`ihexHe\0<iwc9Ә?¸MNeHDiYwWj=ŗ9(Қo\\:Ekb\n8˞嚃ݛj&s1{ץMhktW<dt^! 	\0\\2Rv|R{˽6Ո1NF>GozRw\ZzҐsڌq\nQjB)1_q֐)HqF8n4\n_}sFZ^:q@\'8h\"))8	tҁ!@G(<PV;\r;Zͩl)afCOl\0ƴkn4ɠ~PF\\my/dXWꑒ2;Mc)hGxVRLg\063Yir\0@O&YԬ\'ᙟ8⤊H\nFB񨌻َ6gymx#bFv -K]N|IUW\Z<Kn\0U^ᗈe#,1O֦d73iqq;\\ƃ\n_?>\r2+b)ŤX֓H=8lV\"kI0QIiq{;x\0.*˲yn*|o#<Vlp	MJ-}c2)ٓr@[_1F[zf%\\?/r}:ydήsI\'bFD=))-i\0x+f%XY]\0z\rs=[H2*M5%{Yŵl,=֫`s,8NӚUpFG9g4965щThREv<SJ8:Y[V­5{Rb׌tbOs%ʮ؁Nkm`OEk?٬mˌcϷmNtU&%,XA`t6m怷  ڙ U,ҸmB-\rb_<V}ҾHQveɔ+4}NOoJ\r\"^Ʋ9zg$ʔ\0nKڬ\"1LaZɶFAYD<Q^I\'֬ir|~Oz72iI3ƒ$#hZd-)ۡy[`d@Fc+o]Yy70{1#u;Cҳzc[MV`V}u(Y29+r&De&<X6Q}\rǜR\\b{U:->xaK2<h$9!OP	Ug2A|l1#Ojً(%#N:YzlkT)Zi&Q/e~~P\0SDv?hV.\\j\Z=3\r3;\nΌ챆ԗvx҅MasAI:ޕ\Zj-@HޯAʫ&0z/A\\\ZXdjZzz^˶ʻSVMjH 0ɦJU3\rkX΁5<E`{;sP6Cs\'C\0֬J{J@L~\rn\"_k{N#X!)SA\Zqj}?O\r\'J$@Vki\Z	K!`w/gwr+RH\rs{ƪMl,(挵kA=K+2ݥQ߿?qӘfY$}k4>Rk9hߦ&<gGGEE\'9Q@=j2:\Zn\\fqih7zfLѨ	zN9/לbt~\"{A!Ҟ:QIҐƎ iç)zP3J<Pc?i\Z{M2e5KkkӦ,POFkT6\"[[h|CW9㹚7yܶr$hee5 +bŲ99rz\0*ՂGk,w9Smo\"mPr[5Nyǥ9{@Qao~U.-m-1Wp\'$Rmycғ[\n͘M뛬[`(]:1.q9B9\"AבUmлTkj\".B^8Ycʪ[4n	rNӌV*&lr)i]G-\'GCN]>b9heq.z!/%XF}=*ńw$F`rMZE4U+QQ3	.ı~ki3S1#2|d?gKd<GZvvs1j[ac+J8\0u~c֍΁[tؠ/yϰ+AqbfuVVBz]=2_3)+\n-btH`}i|,i@k*S,+?Úvf[;{Vƛ-ŢD0HִR#vM,--[7hMq+}Rr$BaCVi䅏]Vt-F%HHې?&i{xت;zf]FyO97h\Z`X9HrXƂԩ$/50H1$Ĵ7DmZ!\\QqX˗N5>\\$v$Ln\\0ubSVM֚akOjn-sPӒY\\K(#ҽ	e 	t\0=\0I=Ahj;VZݓ2޹{y`g\001W%8#g$l(\n(rkfdXI+>`~Z^d-zU˛%Զ@\'ީiP3rI۝:[wl,Hqw8UCSk.n䭬dd/BH⪾<j]~wr9d)\\^<!@:^$@1+@1>dFƹi(N{f2z29YKJQnDD9L_j&+.a\0k*OtQx\'ֺ/:V22ҺLɡXnmX.,ǘݟJݷ֦-+v`E̷yvѰ</q[v-3|w<*wZns=[	<R<%-#uZvi%淔UV\nPWֲEzʭ tM-\ZMV\"YXUqoojx]d~+uK$D2Oa{Utŝ;ݣxTT>5]ocʤGW<3Qj_]]NMQd5	ܦ\'׊LL98bn<(R/\0QRiW׵\0Zv284˼onylYh>+b\0\n-al\\T+H;Q1\rO	rrswz {U㽽X82sR̞]ZW=1MD>i|v!$kݗ;{0;uTpww\n 7u\\d$X\0үߨ섹Ԓp=ßq(2F<zæưaaK$5:4g[QњE\\glgU%J:t6V0ٴ$j\Z3kE0ǼAY4!{(.\0=k.uGg8}5]/Sh0\\qfwe-&yjFz[Ipn&+k\ZDnQGnnB\nc\"	U{d1RGLDpy15ҚI~LXR݉#>;?|ar}j`qE][`ci	Vwxv9NO\0q]V3R\nBBaFEVf6ojƛSSHS{CwbHk[fTi\'nI+^m@ɮ;1y	c+T\0RZE-h#psTAkD@j;ѽJn3W\0sI8N\\`}iE^;VVK& H[D\rVRZy@{sL$dOfxjmʃ;VF3<D62;RiZ:/<zUg3eTVI #@`ŷvO\rc\nA\'5-R6\'z E\'\"1yUK]sߚ)ªKmtrc<*6\"r&^=UI핹i\\tʞ{ey1`e~aX6%#G2dvOVMOid0IrISjw9RA҉_;m	#-WJ~o6p#p}:V9fy#%V7VݹWGg,1ܤZfk$D\0>\0ZZnY П$+DyR--\"R<BiN;N9SY\"5*c|w\0\"~fuLQ߄\\q\0֪m\\$Pt֋B8{YޢUNN75&Hˑk}m>+4\rW\ZCu^B2mF5}\nRHBBtvcڝEiq\n1:OJQpzzq8W@4`5L&K^i?40rizh\\wR{\ni$[SV#$`~uiKkje\0w>UndD\'_gdg=YN\0=j[Y+f%)6=TdΐIkEBq9o\0YK+o\"8^.\"ˏҟqn7*#F\09=\n[c}+kE/w%JՂ\04ZVAG0\\(9^U(\Z*`(pji@)aVÓ@\\<N/N4z!؊0h8ކ[t@\0i@(A\0<\n,;*D56͓tƄ5]\'^U;bp,Q\0^N{UR*\nv\Z#ޞ`ԡ@2r()PM9O=)\"l!Iv{SYjZ&Z]Br#FEAev1DVJ稨>R,{Y#8iYnsAV$9A¶& ֨r̧cY]i|Ǩ;	`w%vD\'l%^Y[l7Y~ֳ.h99b;1$D\rtzba-59F[ٮHNJ?\Z\rB+E}:gpS3W)3iׄaÎF;K1/F\'\0>dѽuaMuh].fULq^UxzIldӧzﴍJK8\nk.՜qxk6K89(F6\Z4Ksh\nH{Tɣq!ܓ<{҃Qg)ws֕qASHzyqV⹒%aA9OTE4;\"\\is\\1mqW\nǞQi ̤wVeSvIs簫dOꚔ`m1ը常lmv$nt}.<ۇ@2\\[i-aGCUZ	{X\"IrG+6GuQCary\"틻Ng`BJ-lmN7ػfIֵP~aYjS[6\nq\\w:Yf\rM⍸T&h\"S<uOAT`iH1ެ 5KS*HLp<RD6 x2&8bf\rZpZP)©J8S\r)qAQqOF(n9ɩiҵ!M2qW2*kPAR\r#/hO+&ܒM\\+F˸t]Ep8̄}j!h\r+W18<WS4CiZü@$;-hҳ(r}FYk( +$1Ȳi!1\0f`4>hQZJ_ޑY驔hdfYtZ8#\rz>R]KFh`|2WuKI<\rVS8ZIH<K2>\07w?\"#8Y{\n=+aam8fY$e?r_Cl(40:S(3m&ʓRg>ji[60nM(W\0淗I}>tKb˻dmL\Z\n{Ηh_u&Z5mk{p	hXj\\\0K7T6\0=k.1A)̽Nձ\\Q&=s޴{H,P%\'9dQc|C\ni^L@~Tc?Pvj*G!@{FF]JjHuv*4)>i*8+[45&u@{ʺp01A\"F@==UO!XcsLveFN(bP1H<-6\0T)rj`1LLhO)؆4\Zvv&@4)qJ)qAANKQZ*!;\0QތPi\r/z1HcH)ƐZ*`)L0T&V)ޡm>e\\d`Գh2皉Tǎ))\Z]F+P]<+/R)pS|lpe[ۜV]G*9j;+Dg#-><401fBi2C,Kr|{Uni\Z8L\r/ҢjzT#,S,}3Ѕ)VEqk#T[S.\"&\nHC%]޵$fV[ߕ \0v+u!_kݓ\r$pW6DA%HPKV\"<q~\"-PXGq&J̨3Gh}hTphi($@L9?8AWlM`\rUss<[$ýv:|nݾcno_VZ\"iGξl{c´hڞAoƈFe]w8ڿzkx`n,mp>3܄$#\' =)֗W0Z~g=\0\rrΩo//ҭA%_e?*/Ֆ,YWF1RB7Ƞv#fZpǥ\\nް{tDoX@?[\'Y(8=[ԔJ3SUϭH1*t^j <}9A$x95*AjNM5}Ŋ41M\0ӅR!\\PqIJ\0HF)1@QMU aKEh@i1E,0=*gйEtHii(bHiئ5#B`R4m8\"UNi4*ɥ b&\n{CT/Stg|t5sRcG6;ɨ%bs\rUC*$<`5Nx+\r\"{\';xiBP!@HlNX3H?->>RDzOP/41+:c>[*eÌݏGh2FPk*U\\\Z?\Z<PW0455b\r«[>E&A\0NT!F8\0Ztao0<?**h/SM{4Ơoiq/zOc@})FX9|H9r񦖠nh\\sjbC-뻸\n0D.i\\\0_7ion,cwӭm}RfݵnӤ\0=}i9nK0Dd?\\ʢYb?JAp6\0Z%q漥gv0@Jгi-JU-+\'ҒA,\0\"ݕ\"|d`kR\0vK7ilHp=knwɬDNǜvpH`:vOJLhSQ:qTQ)H>2AS\'S!30NOXiz\0;4b:S@柊KR`zө(hBъ(%-%\'`QE\0sN&4(hf`wi$Tmҡa4{Ċfz!ҡ5#S.j?jc֣#4S#oZt+AF:Re\\Jr?\ZqZY;TE$PiԐ8 -,VKY6yVYO&~ngQ`c$swsiy[\0&eJQdP?Lf.`(\ZKrȬz{\Z\\g%I$g1ek.Ǖ1As3wӼRm,AtV>}9!IʟqmaGsH8}>v\003Y\\x⍇ #<Lh9\0ZWv=꣸\Zz-6m`o0_-:gUmo22%bHU0Y`A\0oC-3};j<O.xSҞeUYYB.yM2GjƁϭg{-nzI&\n:W=r\ZR^קT\ZVAP6^zo/03<5\\\Z\Z6bS.Zق\"c2%2RH\rmxFװEmښı[V1&2n=ĒRh<S^i:fO@L\\P㚔tDHqO\'ҡgvh2hXO\0`{\"\Z$LU\n8E*-RֱB)*d04QE@4zғJƄ;RSKb~E+f8sFXԍ!ZԋW\ZFj21On)R\Zy.(4EwA3hKQӵIL+6\0#ҵF*qKr?:/XLL6\rzՌ_i^JȀi Ǩ e$@bd9r^jƝg׸C|^yq3QǸ4ˋ&R@\'ҺC	#u#[IGFO4sZ: wf+uM.@Õ;\0arуN&N\0x\'L%#ɮ~N*<5f)#;UETi%l\\搓i;c=Xjh<gҏJ#nRƿ}xO\\$2[iE+OTCjmn-Q\0RZԹ\\I5)s\0\0+E%X~kwVlH\0-ʷ榻cF=5Yk,\"V<H]Y!ӓK\"\"\0V{s\'vV[GSvUVV\0bbu>$})-r0kN `\ZɵnqV-tjFp23Ucbث\np*,Q 95*P)S@XiNi 4T\Zz36=yO)iTfţB\\C6qbZ)ޗ&1X}9>aXZ\r&i&ap;Lvo\r5-?̤.7HyRIV3HhP1Ҕ)gji$\Z4=FTLaL)>4H3JNE35U*sTlvZ(JܑP2ՉEFv3T6f[ȧ\\3\0K$	K+7\n	>Ua\\F\Z=07T7jLL7RX$ec3Lɲ@{`PVdŀ\0Ʈ%G wsM[H^u\n&-c\\Q\"emFAiXp16ܨ ѩ1+J\\gڔյCˮcg1Wzde`^y-b]ۊjLViXS8&aB9Ml\\þ1A5G8jG`\"M64ؓHU\"O\0]qmAc¼Ef$נzdV< k[jU6mڲRG-1(-a>7JWE=@ޗSO5@mHYIɒ@=kJ%cc}UmEN\0EL<p\ZFGAcjCU-CWLqֹޥM_<\nʹ|~qІcB\n1\'\Z(R)*cJMr{b֢Q\"$<p)TޑEJ7`S=*fءp)EM<.*CbqGRb\nZ,#uSk)II {ѓ@4<pjlS6xLU^(+OS<aq֔<LQ`\nfڜi^zTR^)JE+	QL`bI H>n*MA<Y@9g0NjsM\rp7t;ZVιRNZ<K0AdO?^k3v+@w*z堝냽%`؀Ek[o`BWpF]vq\no?u>ߐH>dWlY49e5rB?ROJ2X\\ v>XjUT\"6Gү\Z\ZqK%҄\0y9o2gܬT׊:1R9֔wv:ӄSE3?O%=3X9Jk/#$~5S\r(+hwRd[pl8_z,\03*\'߽Fk[\"T>Sܶޯ}diV#`uZ^3U+vcڵ-AZv89\0\nO|UL\ZǃYL*p楉Yw8V7ɧ}@؄|ۯSp7ޯFۀxaܴSQ\n	UTqҀTU!yB曌\ZzU$e&\0NR3AZz4)i1KZ$@RR▟(aIv(>Q)p)ԆqN;ƑKF( QCC:Hhc@ȦSKTؤBQ:V	Dbʮ0:f7qW\Z\"d%\'5M1#=*dcҲ,)$Q8nJ>a͎}\\\\<b=+FT5p<X-$vYb\\\"Zla6k1[d\rFaz~UI2jh3o\"\\szsF#6bVhR6x@8^%Lqr	ܝ2~]η<ww坉\'֡5=H0=4֔OSP$\'݂x\"<\\{R0:6sZd#\\bdֺKqHְK2Ed\ZzK.DiT^u }l	xR\0X\nd}*+#m,NT1:an X`EC=-%X|T%V>K:O+VN095J,d^jow?Vo\ZImL;m^[VMW2cmj1+ˆaZI r]]Tu<DW5;_S\0XR?JˊZ[{d]<Ԫx)&OL\0pH4q.pUw<dɨĀȪLQIFjԄ-QNQE0\n(l4.dIIMgNHvQQ\nӌȥLT\r(\r@\nUIoT7<Z#XƓHuZC9A2IoҹJ)DɬYPeG\\T_nGG㧨5&\"O|n_\03X:đ3RHc+zE_+y;פѤ]pQp=TPIQ41W Y`A#$2Jm`ӻl;gj1j9M~EH}v#=\ZɮF\\r/_zu?f;,	g\n\"Qx=Lz<cKK\rI*<(!6qyt4>M>H\0\0zWxI$,s[he89e	<z\ZV(@J~*X\'\0dqzT8CzREt!U:z3dli׏owF7zVWSs֧ViȫS&\',}kFM$Ybq5oqA?6O֩lEw%$zլd#ҩiCt\n	[bx%M$tbt!bea{\\v_RT<*QD?xҍ}F7]i!Ǚ<O`idBǜ$CvIeگ;Tpܴ,\\gjHo;;4+/G@y>?R<LT~=5URstÓ#PZbnz}iGsշVWQ#c?μZ~z9bjkc$h=l.p\ZTjՏJ{?_,I9$t%B_4íy~~IS^Ciy\\DA}\rikw\0>F3Ej23WEM	;w&\0?:-M	^ٮB]cfILV.j2PAD<ch+dSRQ9ZJ:\ZR\rg\"L5#U[\nͳXDIJN	:\'oD4h\Z	9M{xn$6vClzZKVod)gzl_Xҹ[5o%wDڽN؀;q&37ˑ5M191x%A8!l	:J}*n\'tu_(*H{yq:pkY\';&dA9OY#j/f\'a]3}<U! ^#\\5\02W<e5=/LT4	1x$\\c 4rK게\0g^\ZՎmc^u{=dYvH\n	B֢uE?qV4-VLhe{f71k	zJԽӈFLۛ;Yx4UOS]eQD@~e+q\\[ܹL\\u=qZsEdfu0Npzrz\nӟ1:grOn\r\r	TekicrS \0hcԫc\0cGtZs돴K9p9?\nҎ[#}PΪW$z[d|f$ֽKW+cIv,zs޼y%oy\'7f+SzRmMl`椉w1wp֓k}JBEGzu#[In5s;W.|~f?AaE+=gxPuҰŷ</QhYq\r\n9OMda	~\rl+(n	0抸VIKCtnmb85b`;t>WE`mcjdeY^E@?n/\0́-Y\"ruƝi+\0zzC	w9Y4X¤\'rO+o5עKm,L\0;=ӡ,U{~}Hod\rXK4HPr9&z@!{âs޵\"\0岹fs{6o`S-6bCE=ǅ&ݿ*{fl #pu?zh:kgIR J^tEr3liMkEe@Eu?ĀHAT.|\ry+\0\0Icg>+	8}e%!vE/|ϫb\0/qhݗRP@w5Asj8աN0^KzeF*NkӯKjܣ&d* lt5(J<&BsޚXh<IAlA508\\㚳!Y*ZɳNr̖T=3ƫ]Nm0_ɫhi*=Q=d;Uuk\Z8:+4oj˗Ks޽Qe<	Whnu\\\0yM6#\nvM{@8Em\Zll/jJMPzVιڣUΟ7R	Lr󎃁SJ<zh#Rp\'zC2&=}@Ux+w-Upy~޽f>⬡ʢlZM܈+Li츝E]#.Ѹj%<yAsOjqxz\"d<\ZTWjt\'%\"CSPRe+8fµmE*,GKc5-Ff0i\0 +je@6#Sߤ;\\v\r:V5](OmWlͿ<Cp^v$GXD2c!Ww5n`N~c֬]/YJɚS> Ƈz̧XuO0ޗ\'΀dz|4mpJ⮔Zj>qHђONbkV쌒eVB)QIaҥ8cڈ#\"oEsI l{7I{#6]gA,@SioaɏqmԚUuQNǑxa6$DzW\nY\'8,{WKN}جD,=/E(ZR.]B1޲\">i\nҮ&;dlc#$x  i֦,M\rzU{P\0~$k֦i1t8$?7W.Z(@]̎IsE2RWfjB\r\'ұ&խ$0q泤񏘬VI?\Z0mh8\0U\0\"Oj	?P*Xu{%=9\0SH-\'~~zS^kOՍYP<\0OOzѼfCd#$r\rIH]ɽ$c#ҬYַɭe SBL(AAM6kvN}+/%X_b;hV&85k06A9j\rDtQ6Fjt}QJkS!^(e8j@85FAJzf)ۚeݐJAT:s)9EdȈ\n2j@j\'yI\\D!\0@FPs;1.{VnȖԞ{`yg\\<՛lY.DJpyn*HdAUr5#lYmy8Hz/]\"/1	\'wgoy冟^,$ V\"H;\"!aF*RZ1/fV3nH:FMhA{ot\"Gc^SXKs~BpNwwh\Z& \ruDiQLtr|fI<rcZ5hNހC[qv8%q޹Hׂt\Zf\\aZG5v+\"~& -*ҶSU&9rZ3j{TQTZ:Gޒd\0bͬ<8_꺳K1\'*שnxi\0b*/8:B$uL΋cqf׫dS;ՋwUr:\nZSW2kn^Y-T9,(\\OjP^vM$2hҰIfkJprZ}x^V165%V\'0Nid\\N\n\'|]4U=mBFjtzye>5r|r3Z!^G~Rӗ#wҽ|+N8-d}[XV01U) gɦx *X1yjOkK;)`Yt\rÑ^U\0)zXWhz\0-Ƌ_k,Q֔Sk20?ZћG8\Z#nN$PmnzձoҲفi2ǎZlLV>\\D =VSiroᶋ\0z;eRi[I@OZ48LD@7u8	.iz+\"wHPr<5=[*}-VvA\0<ڽY8cŹjyEK!_9\'bm$tn_[:FGZdis;=IJk^>gnu5jBvǑO=ꦏ/={JR\nWЁ]Nh A8tT~һ\"zFE(\0QZ}\"Cqt5[6WZGp]A+ɤsBɂxNKR7/}hy\"`\'\\gqw\\9Dz՛YB.+6\\ִn6TW-vWEo\Z4JZVU+ն8변k)Z[V\n=jz\nX݌bYCj)f;n S#V8 l!KT AKm(q՝Nл=jZtBQ[UWS5ƅ:($xƵd\0gޤ{˼S`-iq\"*URS@ٜ|Ic\\fF+oּEs~ʪ/Aչ{<d-Am,.0zcy\'(ٚ&wGnȯr	\Zl\0?y=-;#9$ZEEE@\0cM)ne]JejauKKK]R0zܑ$I	(d`[֔lT\rU\0]tR\"K?HУg\'iI\Z56ie6HǕҬ]EGjda(#F\\\0Vxֶm*+U Tg7⣝6@֬|8%6\n?AFbn57$AM(\'ԞzMY{MnitīTi!3a\Z66e5\0hJkv/nǓpd\r+~>,d\0CV3TxxP@jw9YhkQC(JStH<\r97걠m5J79:`ηh]X?ϫ4Eۤ+6Pno;V4T{!\\볮	;bKY5VqҾ/(Exwm<]%\\-dTW4Z/a^4޼3[u\rwG]F;Wt+魐*ҍ>@jb<XB4>aqT@\0\n9\nkɨIH\nsN95GJyb3v0S`ciIٚ^ٶ( {V$NlsXP0WYkxP\0Y\"P_f\'6R@ۇN+<ٜ0$n\0k?bCp]䄮ѸBN]Hc`XqV]ytEkDexWZ]B}HݤbDcΞ]I\\Uy`[Ci<-a+MDޕ{f5)66+.\nj )f3_lڜ[-֌\nw^JKR)FUj\"$TBi!iT~˟IRNFiۨJ9\n>1\\r*La5<\n\\&rTfRT\0ka5ib`\Z;B=9b@Qߟ5t.z3v)mTӣ9mحS[⹂ˍUz\nmB6 =1kE֦NHW#fEfO$f&p=C*[vC`EEdBmJ1By WT,bP8̋X89uy$-Sn{@0?Rף?gnpǹZPc*POd#}-TbG#݌tއ=	G&5m\"lm4\n#\ZMuᘦ@KE(8<&5Jg-b#4lAҐOvCT(̫f\0{㊫&\0Z\'c:>\0}Iij1HgU.1Ph|zִAq-=XoԺνeH	=xo	h)\0XXvEbXJ4qr6\'|(uBkΞ\0^#U1+FBk\'	I\"8׀(<M2:YCdO/i\Z-U$;q\"FVe8\0myU&>nհ@䊹\ZP1SuZfR\"S)qNiێB5WH[U96)bJBIH嬤Ψ$QiEHF14#K\nZq͌m\0֍ƴ-qUǊ_:Y.\rU|rFd\n栐\Z3X݁5$LT<\Zo>1SM^ōEHd|pj99\Z`cII({TmU1ME5CJS&T(zTVOST@W*R3LeiZNF*F]t汧|=j+n֔Jf6ld.yxTôek\' 	~,ꭥƮ3oF4LlzrJןN({V\"Q;\"n5(<U\0kC⸼HOXHGO|wyo]˔E)<g4@q\\[1lFz`L,,4GsRL39xFQm\r\0	t>6K{LM=)8(i__i,ؾ]r襣8)A4F?ytXYWx=g ?M4*ZHV(]@k~HOK\0V۽z-dΎ<ba=Mf[rkRoZɆ$4\Zlcך)R(5h*1N(gq@bj@8D6(<R\Z10)܂6d8@VOJLYvFZ3Y˒k\'Wl/S7sM4bKo͈|V\0\nD/Y#dU{\Zԯ%T rҲ6QdPZbcGRI5)=5FZeEYEh)bUSQ)RfLūEUNGDNy*\Z*,˃Q%z1R͢[)=ԃTd\'iZɳhmcv;zVYE2^&[5B~sr}=+o\r2ԲyW֤f?°5\rsjե] JVư&G.tU2~u_V>oMgh5ʀ5Vp#l:EԏoN1ךH$Б޺Ve:9})r<m6|\Zl\'ưTV|gta-C&}MΒF8\\τ/D\'hɮɈg\\v3#.rknbmFd^Ŀfp_BS޹j{vfF6{+\'~+;׷NiNKnٙr<V\'\0~f;L\Z}TZ&5d)#6\0J84L͢QK)M<\ZflQ\n[KS{(b.xf݊sTK#ez;>~jv6BNaJMN3ި!Xg	NsM0QBqYV<JxWn#HH;meB$M@Nw*ZaC\np*8P{\n`lUbHcUhQu\'&fXfSG;CsZfAT6FipiG\r!XMM$#*^X!T<q֬bZ$C:b2oEb\\w3[7g$ឹHlxmIH9=Ik_mei*2sZl͗.-{=NqU	lP8=h[74i!Фk#E04CZlboުST˰\\fIݳ${?)$99w70z늲2ƅvV#x/<CT5+]ϽT]r5c5,x<W*<t^%\Z%w`دs֯J$HГs>9$S\'RSX ZdNq^e]QVgXɶ2+0Eqܧ=yC<һt%H-	Xr|+f6q͔(եpZBʼV#9n&jqRF9FRmN97#jR۸ 4qHW):RZ\')(ݑCdXBxsMҫMVr5F@sMU jQȸnMM^i01MHd6{<h-UZ5[ Osh\\\r\\9fHe_0f3J9|>E\0*qSFN$K$Xi4cR0nlSFM>75W2hx$t#09M8)4|ER\ZCr)&ZC2Fj\'oRl1LIprEfH$K\'cU\rE{Pl3n9esȭ8zGÂO~z8+c(֬\rڻe8P8SZ#BycjUI(Q \"<g֯[nIj,SХz<,\ryw\"Лt|G@6,ZjjbN1Q}qQrI\'I#U8%<k\n>31D9{P21g9kN̉;^7fI@\n5>kH3s\Z\"Ŧp:נȚz{J0ѕEIEDbaHUnhYs\r/S\nqb2C:ij΅.ges]7ĝ-\"+WMߧ80k\n=+O9U=l#sO\\Lw\Z*U8fHW,1֧1UbxLS\"H[ƢfSW3h1Hڂmv6MԻR9Mx9|+\n2k2	6*(u$c5VoM]]bpǭAu N<xI\Zا|{õnQ֩l\rhhZ %Lϴqҩ܎cUrsVAU5FcffңN\\[\ZXl15=jXf&<fA5c!\"FZ6^A\'FM\"P8ҋUSq2&bN9W*JjN@+Q9RqP32j[4F\\zUyT*tr87N@=)\\<+rN0+kP?(s\rہDwoñZB\0ƻKmuoyG?v>xjh석F=CRva5Mb(݇>#d9nVjحŞ#P،6r8=+frnH$`HF@ڶ3r!n})=zЪOUIYe/a֯4*Fj\r.\r NGl֖e>F<;[=I2Ҭ̌lj桻Q[/N_[v\0d~םYT6t=kAA1=u`nȑն[iIL\rthZIhax5\r\ne,jtc[L[iiHB漾twAcE(Jgp))@.:tPIϥptZIki6n2>\\+1ZvPI XsP+J?PN==\0A1;`wLb@BdӔ#SԂM1EP0*)\\bL9bj;B)oϙzVbD4GrVE\n_\"\0u\0RB(KR8\\V5@kPCvH҉2Tdtl9D\nhp^J@J@#(Y7DY3]yvAX[1RzxT\n{\n+TW\0S8J\Z6RnO^V-YkfZiҭu)<T\rI\'\0v#, R9	1y␯.3O\nD^v\n)ZN*I\\3ңS\0\\*Y+NRROZ(T.;6`j-<98i^k$֔!ZxSwY;\n2I=+*]-\ZI%U\n=k<KrG cvI9BIj3^\"Xp}k,@؟JhRFܯ^ԥl6\08RV3rm4֓yiB*3Ԏ)kddI~\0_~\0r	ΉfcH70C[ORk.Ϙm\0M\"m7<cV25Ba77<rp\0\r!.	?/Lf|ôޥxnx=+ЊIhEJՓ#vbz\0 Hsg#\"|jf{O=	zP&㚞RUvzV`UڱqҜyslvktiy:md\'S-ݞr\rj@6>cqqZHHǭ<1\rT|	5h:j\'*#[S5YOAScJ㖤ISicJL^}jP*;97Uyjd?/5ԸWQ`xeU_49^sTvFW2\Z3g~T-.-	lԵ+\rۭtv&kK]U#ҴZ!mCV\0`zU8*U5dyW=yVO5Yk&QC?jki3@ElY2d\Zm,\Zt؏aM-]K2\\!\" 95ŐvGBgj\")Z 1ҩ D\0\nI52EW)LGsSpb0$Ӕs&&W(3VkU2GH\r\Zdm+7Lwz\\U\'e^\\>u:*\0u)ZYݻ]8z<gȚ@9/=V3Cm%\r(rA<Wmls+mrrz?b!ʎN&cRs3g;A9rwvkVUymT@GJy@ޞϐd\0 \'H֘}]F2hL\"\"Oa\\+ܜg+e2qڱ|e^AՓ$	<aԃsw Ҙ>\r188ףt\n+|`f8\'J\0m[g{婍\rG+=e}n9bV3F/{\'tD\0P\\%$f*8)f7V;?Tc{_϶n]声M87ągzeB7tۗB5\\tlZJ%L\r܌\Zn۔ge\nqJCEܑZ*{5e\"fN\"g5a3)]妳~sQSH)XCi@͕$$!:!~QM$*[*nA⠟9v]6ёٵ!H=+UVP\r=2.>cʹ9[ffu\"ת;?\r<̶:Tg#lsI	rp^L{v_$w֡J0$\rE_[4#nLӴ-YJEG\nI㜉yJ&5sjjOՅ$\niRM$LnjZ!1PajEnIA`85\ZE2BMAn\0)c֠yyPnF*>QMJf\\)=M]dV}np-15%ge=ǥ]-XD̸c\Z}\"%[P?L^58Ȉ%LJ\\\"PsmXwyc+7$޽YtI\0zc$t돗EfJQJr#7$&Й9qh^G+ǩmVPH9id=j#V뜓 ޕrzS\\44{b\n<y{f[Ǖ+qY.g]$V>wQ{A]sZNo_ L-,sX/Fq]mNʐ$8:,Mpztر.O5f(aoio>s]t\ZU@lMʝ=#N3RŌjCFAlm`#?gjI nU0tG,֤HsLknX$RIOnklGs⸽z?>hhi9NÅ=+tܩ&i˙ܹ0vKg;DxCaT|+T,1kZ!>\ZksO`RsSEQ\\\r[F4E.HUo4hIKeU^M@͚ך\rE&\rRvM1FsO+F,XtK])wu $SA5U!@ɧD|PxQN/Z\\j&\'Gҕq@~$D	<h2q5$T	y4Oz\Z+ܖ>8vMITv.V6sL  Q\'RKu$d<t&XLiCqۥ2.yҦPsEHU`Dg,\rdsU>^ԫXb\ZV$y\ZI$SnRFnA֡I[vT2sNw,R\rޫ0h`5Y_=D[NzUi$dt	%۹,0zUϜI*6IҪ{<Χp{S͙1\Z&?/e\',*nPUOF-MWE#2\r}*/\rMy\nSh*2\'\rZ]GDm4Z6:^/TrhcԲO]:S1.C*&crI#z1#Z`0=HNsu59?1\\z}1ҞA\'\nr=ebc=h^$d®0uǿjrJg᫢GDQ#e\"{Ach{W|2XK#8^{4ˏ*3<[S)A3~^JŹ&#v;V0ۈ{)T}=+͜\'ɕiيNrQ8fm=zm`G5Ƅf\rI*`V3\ZZܦH9}sr,13mKZ+ntp0bN:V]w0<sZL?\ZrMdc$f^GI\Z㬜.p;WOe&+F	:\'pf&QA4g2kjhw%6ګ$!\'2=hQ\rR,R1y:@+G2UebqN<h2QSHjBxTګҍ~݀c?\'93յ\nrEKbYc#W̃9A_ڭ<\0-rE9^T=5s8T@ZTlI]cDg׎sZkde.:6~PZ\0ZX8)]|s5[#WXn\'q>a\nqAo#wB9)ZVU@pf2n)K=enbPJ{u\0TqSj1ڥ3 :ՈqU\0A6P6&G f9楼s5Z&\\,Tګ/=[\0Ŋ\0ނF+sP]8KryR*\'\Z# \0\'D\0]L٬7*r5ΩucҳTn;,tB0\"PF=*եB[ɎLSҪ\\eҌr}ye&qѦ7c-0zbQNh*F}1ҹ6ԆR~\0-z4.c#߽J\no&y\0}ڣÓR68#YNwOl\n@s0c52FF23VٮlCeWyَC\n<-Z^8\"/ds#Mɻ@X)=1\\ꪯ:3myC:\\9`qd=ʞs9W/Jj7RGZO`8oqwމmyӌZU煔|ҼW/r۱,qZaԠZz1cAo*c&	$㊳>c;?ʦJƨ̀?\Z$܁Gs#&m݇Jp1VCgLɧF\Zh!OwAи*M0=hL1aqUgHQJqsҕƈb2M\n=jJTܠR\r5\"csե\0#9VWE1\0k$#晽fT\rahG,r\\ 5XT5d)j\0aTc*CY3֤}Bbh2T*-.i)&!TN\\sR/4$<\ny;p2j\'`R_5	G\0\n|m;k<ݲj&{\"ڪ֢ 7Vq7?z9gTLh,r\r[\nD3{Qs\'T\\aOQX+b)s 3H}\nWze\0*9^¥Qjqؖ>p\rvp8n¥|cP#BDp\"]l|O>ս++_?*fǮ:TMViJrGLd{KƮpHn8+ГC6):{*d`eSJr*=npHN?6HM@l܏Oj$J\00c}l\\z)T3-d\'	#Ɉ\0M]\\بgly_QޢKS(, rVKdC=9Hg PZfX	:S${I :Ҹ\\-DqkLVFN4+jegt$9\\ZɟGWC5HOT[VyxV`5\nTg#[J\\S0ME;/B,TJNI=M3\0jĂp!=\0_d%~x\n21ڃ`f][#y\'!:_|$+½ํ\0:C]$q>@.IRԿ9I+pPHOZj$6sWyO+z.Y?*%ثUWSKeP=D;@bwދ+n4IX@sVdr*q\r>y,kQ>QQ́ţIB2ɬ.#\'k]+9\n2eHZw:\"sKHܵ4W@Z2@03RGjF\04Eh_\'!z~$q:\n\"bW7,G4$@MS!g:FM,F6ʵŢE+rhds[d|2\03WdjT$78ؠ1Ufs).ƜLwa,c[>zR)\rU+Z P9ɫ&T,C=<TI5/v$j`UvaiʡThRORu2}vQbWhdIj<g\0UDM^fA\0Zt$SUu\"E>FĪGAU&^٤(^x5tUo.R65\ZWlm`ǞO^~Þ6^e#E%EYk~\\StR\Z]ZM5^J\r}}Xѝ9ިamF+=\rֽ~c*B7?y%FᷧcFTt	UTH֧oTq\r5-ug՝\0=!y#N\\2M5,\Z7o8<{ӆUZ@H:w9\\jmt <Y7^%vg,/n\0TY6pxٹR6dwfsr1?o)	b@\"pz\0I+#k}Ug\01ҲO*hoyZ&_3sVy pzF=WWiN*NOL+\01ZI3ԜzL\nB#fy+$>VRUF0YW@W?Zͫ<SM2P=n|3Lr\r_úd#A޺)KQwlP28)a}7jm+&x ֥hQ]o\n%k6ꎅ3Vp\nKAiȬZRi6N2n\n͖E׃nJ\riGn@;iXȉc\"<҉00yCdЪO0\n09VbІ8ެsO.3S``a:j.4nE]\"\Z#B?$+[cjpɌ1֥\\)x>]5tw*k6ͣ+!K\nf1f\0w5j/qPD:qW\0JW|Ql1\rjˎG^9i[zz[I6Zs)efmcI@f:w5}HehFh庚d*9xlQgӥS$vŌ՟r-Y2H_$Z[)CcvQiolf-z4KZ.wHׄXJ!\')c\'5HKcicdۄFNnZ\Z\"{2nWǈCLy\0t>\0[}c˃HTux*}qݨS{V 9NWP۠ߴF_$<T>q\\0:9ZZ%sCz\0:DKsh `zf7|ű3qBs1QI )qԒ=)XrF: \r=\\MŎጁT#\0Px~w73-FnSYk`\r_7<_ƭn*eHҘ4~\\mkKO0=>|:\Z\\;xRGYe;>]iIw}*@B0xvOZ\'ޫFd.I.O\Zda.S׭\"~e9Rt[y-\\qM\\ȤGs\Z<t+3\\`B`{FXA+iJ<4iBKY|}+8( 09qHQFFsY\'ٷ^YBZˎO݃Ƭ\nTMXjv8\"3lwh2iR#c]Xf\\@1$ ҵ8ZK-R	b\\*҄{Vl>*&hgGҲNOkfP0MPOZb c֨Di\0a84RNPozt[eUlH&DFPid.y*6qKAݕ{OJ_0c֬?`Cl)&G>vbSWĐ\rNl<5(y6RDE#tl#?Z̏\n*Իj̪=kB]\"hp?y%\rܠyk\\u}jKqjD}?o짱ZnOC4(e6.F`+aaL\0I9~zgWmZqMUJNG\r}JB\\wy3\0W6Ü\nzHkdc\':VLBğ^SF>|[qRgB3Y13`T%&dF渂	>[8S9pe Wo孉Xݽ)OR\0<\njEK8|c*NHTa}iK/\'sG[%V=_m@dQjjzz;Ts\nYA2#oNz0\'ҥdj%pqZ=j\Z ~*6}sN6jkxsS`\r9lJ@+rh\0ӀwȥFKU\0XSAș\\ː0:biu2ykIq	 8OCӭ&A8&afݢWTmF\0V2B0WoU{g׹!ZR,,~CWxMJRmFzk\nu\ZX:hkz҅wFl\\-³c޻KH<V)kɃ󊾸rWbrJgah+0`GHJ\\گ+Trirgl!-,rQ\rV(&L[EF:UHA4r\\gА3V	4{VM8#=]L<qN*(8ۜ\nzgNhb+:B$RIcrAEs+j*4.XzTjcڥv1Lb>fI,I*qLrMYi0# 0$H.A61	ҒcWw^FG5<*9fH*6&7B2͜_ΕoA6?{V4BV@exR\Zخ-Gs9n+	T7\\fC:9q@jk}bh$;5aqh\\HOQ=M*xMZ^[ih_ZG`WO*ʑӥ\Zl|J\Z(\';w)qcV|~{\ZR,k17qi}3VqZvw>CTW˾aFTlԴ$`dlokG9$\063-^EQh~:WZiJ>3Ҫ;w\n\"YqS(2jw091O=\0zQN7~\\)͎ÁVröj8sy5fYm&*v`sv\\@*n/q@e,F}+|u\0qʲ]AӒjS吋J<a#-gcתЀqN{\Z0)rOaH1F~jKvGF򒪹zԭgdlyLxmP3gMa,H9w䍑o&1g zW-v2ZH䞘:4:zbnc1&O{fy_Fze`H\\kӴ\rao]H 6kdu<]N]>T+Mn{xsҴ6=+u40Ak9\\6v4:ğ֬>Ql?O؇9\Ze^AgB؏5*;dSK()zeѰ:V*[^V!:HezyӋn4ݼTL[{\nq\ZW$\nd6\"BjDLi)4$!-4=\rC4V$WRrHHFQnV\\riX,&\\zzS]cObQqMbx&Z@:TLN9#$r\rS݆zsEa<1Q֩2Ƈ5#~n.nmhź;\n͂)oUlBߴF3[!hUWniԙJ¡\"7\\4L(1`$\"IDG!穨$4ASdȈ縪s!hq\\q|5`F\"DrcQJ>ꭤNiyV·9M6=^UyL̟7)F,zRI6@Ա7@Mq+4ƴ\\F=xP/}P!^_j;u zVts4oȯ7ԵG@USݗR3֟ǅW\0G1kTSZH\0>!#L %!>8n%pX5IX*ջ`dY2>foUU;S⬌\0}HEV04\\$t8=z\nj;z\ZQ۲9\"je/Tޥ;iG@z:}ɶ1z4>=><3ZHN2Ʋwv.Tdw5ZFϖ$ƾ-3kɞ544c=P@u^=Z>\rF>gM-VF$EQ޺>#\\n,{^<Lٺ$g+RȃⷶyIb̓*2B:VjB;Eރg\"ͅ-޽GLY6aXdjM_NMi<ZʮܯkG\Z8>Ym 	nM^.Y:W5auۡ<WAhCDQ&v8*Mq֡IqOSԴˑKv>	=Mg#c;ǲRcHdbB\0!7$cj¨ۚ\nSyUvy@X\0N8ճJ#ln5^Q@I%늋r֑ <R9*Դ<}e)@dTSN=\\JEg7I贷W=:\n̽DCiZ¸]_ 46k9cQ5\\U=Yrc94Zr-	m1S*y82FaOb\'@bwQ:娋yhsөHS( \rislc#XZFI,Fn{rr1\Zj<J-ѷ6>0fVFҟ<$Ҩ+:Zyg\\U|5FPma6\'lƪ1=e@xhFNy\'S\0 ے8o-{\"K^Q>ͤ\\K7T{7䚪KVi,4l:c?U\\xw~H?URdz\n\\ś=|d\Z	:yT!\0Tp\0\\i؝R\0zU+w-@NM_\0m\0$EgqI)v|rGM\01៼KHN=L*)}$Tjw8\r/sִe\'fX|4pkF|}IV5XoH󤍌J8qY_ݱn\nRe\Zzn>[Ž#oZ}[q[I|HsJ2sׄr3IzP$t=NjI_ uo\r8Q+lx|ͽNC )˓]\"Ʊ;+KW#S_\"Lrx5:.u-:^V#\rV%Z0̎Y!gTytO=\n:Wؖ%9^9k\0\0wފk.BaxOY±r9drOjQk+##)78ʙۀ6is4G#2ҳsS,fmTQqhۿ>𣞵6ެvegڡtG.1My\0$e4 ^:Iq=)I\r7=I*MT`j7x6#펩:Yd*26%+K2g)dNVIn6N$AҪ4.H2bvګMrcLI	 r鸺X-đUVm\0-!VĮ;л=\n֚|Q[דZ@#芈ɞzR@57ew`i]4句<l#,474xlDdE#>R@9fgҡknC8+Oz\0dΤ{̇l\"/pd-M6-?گ\nTqJ(FSY~^B6G8BphaT5)\0sVr~2à\'Q &VUU9>pƱ#8=*dS89$P?9vh??ʸkqX\\5|%vokPT v,}i v.2{rjX1ڴj]aY$h{Ӝccޜ2EPRJ:WRl!9\0WƢ=Whb``2FzG̮)×Rf<~9nXQ!`AeT:`\0Aǭ1Kxpp9?Zd5aq$aiX5V%Qd\\`fDDVᶏOpۀ\rx\'{e\"&8{WxV7\"Cm\n޹+uOLדV89*NM0r7w~Ȉ^	$i@BqX\0y:ֽ5H;&&Tq8ڑnw\nQ<ֵSvVĥs׺\"(4Է^siQ[,N1q[i$11\0X;ZYĉwAkOH\0ne|8jܜc\\U=͕7\nѵ71]`8Zwȕm8Rr9O}r͠u琄c޼c^o<9Ѽp1ҶW-G߬XyV`s^3OaSw,jڥ>]{,N7svuט˃+A.L±q\\;ڧ\n\'`T`&Iܳ悹_zYdUMN*e-ӵ$d3Si$*A8Ķj,Zh^j$,WF	I0I*\'PMtwj,$\0qQoTMP[\09\'ݪ\'囻бy;FIWviWz\\ylr+V_GN)|.U\rٙz~I\"V=K),vFё1Y^%pXq8TvG v3Y:V8;KڀU%Wj\'ޢӃ)/;W֦rIO8rQ\rq4~*\Z*@=MM$\\y=WɒMÜQ08VPTsO*8*.bp8ՄWeڭGE\\`ʮcd~i҇\0dDγp$b[P38UNsޝKݥ[#,deqM֑ dRGm\0P?V&jFIV3HB?j*J9+MV\nOj?\Z=\0PvVXA$#ِdi${THyyTC[eey7Ouer/+ejo~etiDy&9B<р\rӤ )0*=jX;8RD?{֬@I\']8V&I-2ixU\rΑO_\\f]AM꼋8\nڮ#18QTnR0UOT\nOq\\IO8k˥KOjU\Zw2[ֺ13\r\'`YdpR?3yU°\\tMB*(\Z]YHy=+%~{mp+GX>>Sϵz$[GLjp\\hƢ2p2^\\Fzmn&zXR-ʲP.*Q7\";um(F$UMcܜ3\'+<LYZkCy\0x<Wf&+Ԍ\nBnK6sESO\\Y)zWoRUQztW]\r-,\n\" z\nږ&P\\-i^#n\Zy_\".3dUw\Zޱe(F8*e<=OWCJ?jZƩdt֧Fw\\qQٜ\"D?%GJ\"`ڲ犛X9YCޯ+%,H	\0kQxf=)9Qw`0d֬Ta]I+Ǹr۩uHAsT՘ĜqV-<3klJLy7Tm̤\"(MKk%6yyk>c;q\\^߬ǻusD9j*JG	Jd+\0P5\\snU+,{{\"ȯD.͢l9ɪgS[Uf	^&$;jʋVz(@N]¦s!\rW*32B)Xљ.upjUlelc@WbM?y]1BAVijaS(ύ$/,T[[c\\|3nD3H.r1pc6e%JTUH`	\ryw#wk@kK4NX|Vʭ)u5U4v6#3Xw^]jK/32W큚ݏVNNTSU0թ?y\r8V>8bkL7FA$M|3*C[8w0Sٶ@=kF}*!}H5<B\\\Z[<7W/ԙw|\0w\0W9U\npJA6r1\0chҺ*}*e8mC\Z:ԲthF ?@d8#\0juBC5+tmp/Y}ʲD%kV+Uo(D;[6Qθ¼UM|D[5kzVVDLPf*CDQN\\_I+&r3ԊhUfAs֮:kWβ\\7RGz/e٢S8;Be\'l{y<RNDz93󻛳=ԇ;܊Cp[⸂\0tdfծSLCf8>1,FOVW#f/0\'\0]FMr(f:\ns`&\rHcdgYF=Tu=Լ3`) ]uMp\"]_#=q\\ӚM1*Kb?\'fwz23<y\\)H=Ms,=wY$MִHr`3?9P#+pCJ[?Z=iGJ)1*O͞hIl\rVHHE#<\nUK\"#S\Z: ~\r\n@dHW\rURf赉TPѯ1j#MYIĜRhs*U!\0pI$y5׊,Z\"*O<t]\n[,[Z5Pes]Mp_(^_jSjsfr@y$l997dN.,ÅR8-Mvjơxⶼ?|ڤaB5uhT䪏H\rH\\k%B5rng\\)ZN,qU( YYwqȮc 0~3̀xk6$s0*+L ];zӕQԞ}iȨh#R6}*)i d15\nؐ8#\Z5V@9&mrHq:R\rC3nEՁv>H mNm@A=zWr2o;El`8<4g41ң=R;ݝ\";īUV7`{iIHcB\'\0\\Szjr@Y\r3ckĖG\nK.ݏZѓajgrJfc&1؞[СH=+ʡb_8\"ĒkbҊRG-L\r:{Y۸`\0y[>RJpb=JV@zu}RM[Ĳ֣ݱɭ#RGdqˣIs܂#03RҜy<RX֗8X{\0E$c\nr*NZC (B90s]<\ZKk;pqyՈa 9~3zKsIrH<5*HyaQQGCTRhEMV0)<UM>u8e8\\6ua*;ڴ;KQt;iWҏrGJ\n;0]^r6Ny\\;\0~ɍrZ-<`ޟְv\"#ǭkx-䜌t5yk/ݫva&2R0xq9@\n[lq#o={ҐQHFmˤ@1Cq\\W\"uv{חsQGtTiS{$\\j\"5	\';Ms~ou\'\'9E\'k\Zj93LCTq\Zź^qۥg c>Z{pHqчJHɰr=J\'9LI1PΤ*Rmb9Z@ni\Z;})!\")UfWEEF3)B t\r1hُ;p5Q>\'T#QK|:bn8uڞ+piR|RFp1W۽윓qSkZt6lL[>\\wzHg@ĮH]\Za:\'ܤ$\ZCjXjsԀ2N:Jݒ$E;H^e:uϣF;h9=zj1:4A,3sQ*xb\n(ꏓԑvb0&Zk$(Z\"@X>OT]7i#ՠLd㹭=:@\0A沴b[2\0sаw</$A^-YXOJI?ЃH1+p.$ }+RYÐXPy\ZY=MtW>YĔ=*[c{z䈗w;c8㏔zVI6^vn@ dtεVJPv{\">vu$uo.bw@$SX\0]G5\0WmݑE:\"[jmNx1D6:w\\w*Ay$h[wp\0*\'RA\0c\'wLӰ. rN[=I5[ءYT `=ǭ}PXO\rN{aV%Jy-Es4DZNX7o/,Pw9G\0Tt\0`a\Z]Mjc\'^<&#3@Idu`JtJ	\'֕FXdjc!r&#q((>Oʀ7O@@qޘngڊqY؆8ȟw\\FOsR3<U^U@qR줊cS5YA;)Z@H\"<R\")_P*I[$%ұr@lWK/HszIh\\ez΢Sb\'r#-3\0֭}Ox\njpб9T$fbvc<PoJV8=AiА-=z0ĒN@\0|IWk}IX<5[@HM\"\Z11axdn%C˞l|ƣ=A<ޞ$)\"I`j vAdu%Fy0i\0O01{H*jig\02J	\0\\M85k1o,2=3LTh\nZwaU͋w#jytϭ==sI]l384,.GsNÏiybE+ZSz#nb6*\ZEיrF3Yг(P@c[i445ISEHs~$<d\0w֨n)gQdF3E)&ϣ\':~<=\'RʊFqQ)	$sAsjFhnn$T$>`modlG-S0VmgO1bG +˸mOZwWhXdteEb#^E)ZK[\Z5RF~Q]/\0\0:%5^\n.zry:\nHD2d\0	+{P8,:y.IljfDU}TW[T,\\=܎~T؀\Z\nZ[\0½ӣc[Gzלx\0ӁNMscሼO[-jRt>\Zt1*rRe`|ai\Z5m\0ckO_-Kދ8Kh:\Zk+իU@>?אWl*)UZNA0#9Bc֬)	5Uv\'ū	K׵Jv1^\Z`cP^d}{\r\0qg+2~ĉP)ckQ\0ֹ+醈`;>PZGjYh_\029[T+zSҞ[\Zx;');
/*!40000 ALTER TABLE `file` ENABLE KEYS */;
UNLOCK TABLES;

--
-- Table structure for table `equipment`
--

DROP TABLE IF EXISTS `equipment`;
/*!40101 SET @saved_cs_client     = @@character_set_client */;
/*!40101 SET character_set_client = utf8 */;
CREATE TABLE `equipment` (
  `id_equipment` int(11) NOT NULL AUTO_INCREMENT,
  `type` enum('item','set','vehicle') DEFAULT NULL,
  `id_vehicle` int(11) DEFAULT NULL,
  `name` varchar(75) DEFAULT NULL,
  `description` text,
  `iteminset1` int(11) DEFAULT NULL,
  `iteminset2` int(11) DEFAULT NULL,
  `iteminset3` int(11) DEFAULT NULL,
  `iteminset4` int(11) DEFAULT NULL,
  `iteminset5` int(11) DEFAULT NULL,
  `amountinset1` int(11) DEFAULT NULL,
  `amountinset2` int(11) DEFAULT NULL,
  `amountinset3` int(11) DEFAULT NULL,
  `amountinset4` int(11) DEFAULT NULL,
  `amountinset5` int(11) DEFAULT NULL,
  PRIMARY KEY (`id_equipment`)
) ENGINE=MyISAM AUTO_INCREMENT=42 DEFAULT CHARSET=latin1;
/*!40101 SET character_set_client = @saved_cs_client */;

--
-- Dumping data for table `equipment`
--

LOCK TABLES `equipment` WRITE;
/*!40000 ALTER TABLE `equipment` DISABLE KEYS */;
INSERT INTO `equipment` VALUES (1,'item',0,'Pingpongball','propro',0,0,0,0,0,0,0,0,0,0),(2,'set',0,'Pingpongset','best',27,4,29,0,0,2,3,1,0,0),(3,'set',0,'Tennisset','for 2',31,16,0,0,0,1,10,0,0,0),(4,'item',0,'Tennisracket','very nice :)',0,0,0,0,0,0,0,0,0,0),(5,'set',0,'Judoset','indoor use only',31,29,0,0,0,1,3,0,0,0),(6,'item',0,'Basketball','brown color',0,0,0,0,0,0,0,0,0,0),(7,'item',0,'Football','pro',0,0,0,0,0,0,0,0,0,0),(8,'item',0,'Pingpongracket','pro',0,0,0,0,0,0,0,0,0,0),(9,'item',0,'Tennisball','new',0,0,0,0,0,0,0,0,0,0),(10,'set',0,'sfsafd','New Set',29,1,9,16,1,1,4,1,3,4),(13,'set',0,'chdf','dfghdfgdfg',1,0,0,0,0,1,0,0,0,0),(14,'set',0,'dbdfb','dfbdfb',6,0,0,0,0,1,0,0,0,0),(15,'set',0,'xcvc','vdsav',1,0,0,0,0,1,0,0,0,0),(16,'item',0,'xvfaxcv','xcvzscxv',0,0,0,0,0,0,0,0,0,0),(17,'item',0,'dddd','sdfsdf',0,0,0,0,0,0,0,0,0,0),(18,'item',0,'rtyt','rtyry',0,0,0,0,0,0,0,0,0,0),(19,'item',0,'yrty','zxczc',0,0,0,0,0,0,0,0,0,0),(20,'item',0,'23423','234234',0,0,0,0,0,0,0,0,0,0),(21,'item',0,'www','wwwww',0,0,0,0,0,0,0,0,0,0),(22,'item',0,'Lollipop','Tasty',0,0,0,0,0,0,0,0,0,0),(23,'item',0,'Blah','hah',0,0,0,0,0,0,0,0,0,0),(24,'set',0,'Hehe','Haha',6,23,0,0,0,2,3,0,0,0),(25,'item',0,'Newforbooking','new!',0,0,0,0,0,0,0,0,0,0),(26,'set',0,'Newsetforbooking','Spanking new!',4,6,0,0,0,3,1,0,0,0),(27,'item',0,'NewTest','ddd',0,0,0,0,0,0,0,0,0,0),(28,'set',0,'NewTestSet','sss',4,0,0,0,0,4,0,0,0,0),(29,'item',0,'Newtest2','sss',0,0,0,0,0,0,0,0,0,0),(30,'set',0,'newsettest2','ddd',1,4,0,0,0,3,3,0,0,0),(31,'item',0,'newww','www',0,0,0,0,0,0,0,0,0,0),(32,'set',0,'ggg','ggggg',1,0,0,0,0,2,0,0,0,0),(33,'set',0,'sdfsd','sdfs',1,0,0,0,0,0,0,0,0,0),(34,'set',0,'luyo','',4,6,0,0,0,3,1,0,0,0),(35,'set',0,'dg','dfgd',1,0,4,0,0,1,0,1,0,0),(36,'set',0,'ghdg','fghfg',1,4,0,0,0,1,1,0,0,0),(37,'item',0,'444','444',0,0,0,0,0,0,0,0,0,0),(39,'item',0,'sdgsg','',0,0,0,0,0,0,0,0,0,0),(40,'set',0,'sdfs','',1,0,0,0,0,1,0,0,0,0),(41,'item',0,'Ferrari Sport Car','Brand New!',0,0,0,0,0,0,0,0,0,0);
/*!40000 ALTER TABLE `equipment` ENABLE KEYS */;
UNLOCK TABLES;

--
-- Table structure for table `rooms`
--

DROP TABLE IF EXISTS `rooms`;
/*!40101 SET @saved_cs_client     = @@character_set_client */;
/*!40101 SET character_set_client = utf8 */;
CREATE TABLE `rooms` (
  `id_room` int(11) NOT NULL AUTO_INCREMENT,
  `name` varchar(50) DEFAULT NULL,
  `description` text,
  `size` int(11) DEFAULT NULL,
  PRIMARY KEY (`id_room`)
) ENGINE=InnoDB AUTO_INCREMENT=4 DEFAULT CHARSET=latin1;
/*!40101 SET character_set_client = @saved_cs_client */;

--
-- Dumping data for table `rooms`
--

LOCK TABLES `rooms` WRITE;
/*!40000 ALTER TABLE `rooms` DISABLE KEYS */;
INSERT INTO `rooms` VALUES (1,'Medium Room','good for medium stuff',100),(2,'Big Room','good for evertyhing',100),(3,'xcv','',0);
/*!40000 ALTER TABLE `rooms` ENABLE KEYS */;
UNLOCK TABLES;

--
-- Table structure for table `class_bookings`
--

DROP TABLE IF EXISTS `class_bookings`;
/*!40101 SET @saved_cs_client     = @@character_set_client */;
/*!40101 SET character_set_client = utf8 */;
CREATE TABLE `class_bookings` (
  `id_class_booking` int(11) NOT NULL AUTO_INCREMENT,
  `id_member` int(11) NOT NULL DEFAULT '0',
  `id_class_instance` int(11) NOT NULL DEFAULT '0',
  `booking_date` date DEFAULT NULL,
  PRIMARY KEY (`id_class_booking`) USING BTREE,
  UNIQUE KEY `unique_ind` (`id_member`,`id_class_instance`),
  KEY `FK_class_bookings_1` (`id_class_instance`),
  CONSTRAINT `FK_class_bookings_1` FOREIGN KEY (`id_class_instance`) REFERENCES `class_instance` (`id_class_instance`) ON DELETE CASCADE ON UPDATE CASCADE,
  CONSTRAINT `FK_class_bookings_2` FOREIGN KEY (`id_member`) REFERENCES `members` (`id_member`) ON DELETE CASCADE ON UPDATE CASCADE
) ENGINE=InnoDB AUTO_INCREMENT=94 DEFAULT CHARSET=latin1;
/*!40101 SET character_set_client = @saved_cs_client */;

--
-- Dumping data for table `class_bookings`
--

LOCK TABLES `class_bookings` WRITE;
/*!40000 ALTER TABLE `class_bookings` DISABLE KEYS */;
INSERT INTO `class_bookings` VALUES (1,4,1,'2010-04-01'),(2,1,2,'2010-04-02'),(86,10,37,'2010-04-01'),(87,17,37,'2010-04-01'),(88,5,38,'2010-04-08'),(89,16,38,'2010-04-08'),(90,11,38,'2010-04-08'),(92,20,38,'2010-04-10'),(93,10,38,'2010-04-11');
/*!40000 ALTER TABLE `class_bookings` ENABLE KEYS */;
UNLOCK TABLES;

--
-- Table structure for table `equipment_bookings`
--

DROP TABLE IF EXISTS `equipment_bookings`;
/*!40101 SET @saved_cs_client     = @@character_set_client */;
/*!40101 SET character_set_client = utf8 */;
CREATE TABLE `equipment_bookings` (
  `id_eq_booking` int(11) NOT NULL AUTO_INCREMENT,
  `id_staff` int(11) DEFAULT NULL,
  `id_member` int(11) DEFAULT NULL,
  `id_class_instance` int(11) DEFAULT NULL,
  `date_start` datetime DEFAULT NULL,
  `date_due` datetime DEFAULT NULL,
  `id_equipment` int(11) DEFAULT NULL,
  `borrowedamount` int(11) DEFAULT NULL,
  `isreturned` binary(1) DEFAULT NULL,
  PRIMARY KEY (`id_eq_booking`)
) ENGINE=InnoDB AUTO_INCREMENT=39 DEFAULT CHARSET=latin1;
/*!40101 SET character_set_client = @saved_cs_client */;

--
-- Dumping data for table `equipment_bookings`
--

LOCK TABLES `equipment_bookings` WRITE;
/*!40000 ALTER TABLE `equipment_bookings` DISABLE KEYS */;
INSERT INTO `equipment_bookings` VALUES (1,NULL,4,NULL,'2010-04-01 00:00:00','2010-04-15 00:00:00',1,0,'1'),(2,NULL,5,NULL,'2010-04-02 00:00:00','2010-04-07 00:00:00',2,0,'1'),(3,NULL,6,NULL,'2010-04-05 00:00:00','2010-04-08 00:00:00',3,1,NULL),(4,1,NULL,NULL,'2010-04-06 00:00:00','2010-04-07 00:00:00',4,3,'1'),(5,-1,5,0,'2010-04-02 00:00:00','2010-04-06 00:00:00',5,0,'1'),(6,-1,0,0,'2010-04-02 00:00:00','2010-04-09 00:00:00',2,1,NULL),(7,-1,0,0,'2010-04-02 00:00:00','2010-04-09 00:00:00',2,1,NULL),(8,-1,0,0,'2010-04-02 00:00:00','2010-04-09 00:00:00',2,5,'0'),(9,0,5,0,'2010-04-02 00:00:00','2010-04-05 00:00:00',2,0,'1'),(10,-1,6,0,'2010-04-02 00:00:00','2010-04-09 00:00:00',2,3,NULL),(11,NULL,5,0,'2010-04-02 00:00:00','2010-04-09 00:00:00',3,0,'1'),(12,NULL,5,0,'2010-04-08 00:00:00','2010-04-02 00:00:00',1,0,'1'),(13,NULL,5,0,'2010-04-08 00:00:00','2010-04-03 00:00:00',3,0,'1'),(14,NULL,11,0,'2010-04-08 00:00:00','2010-04-15 00:00:00',4,3,NULL),(15,NULL,11,0,'2010-04-08 00:00:00','2010-04-15 00:00:00',5,2,NULL),(16,NULL,10,0,'2010-04-08 00:00:00','2010-04-13 00:00:00',7,3,NULL),(17,1,NULL,0,'2010-04-08 00:00:00','2010-04-15 00:00:00',3,0,'1'),(18,NULL,10,0,'2010-04-08 00:00:00','2010-04-14 00:00:00',9,2,NULL),(19,NULL,5,0,'2010-04-08 00:00:00','2010-04-15 00:00:00',6,1,NULL),(20,NULL,11,0,'2010-04-08 00:00:00','2010-04-15 00:00:00',16,1,NULL),(21,1,NULL,0,'2010-04-08 00:00:00','2010-04-15 00:00:00',1,1,NULL),(22,1,NULL,0,'2010-04-08 00:00:00','2010-04-15 00:00:00',8,0,'1'),(23,NULL,4,0,'2010-04-08 00:00:00','2010-04-15 00:00:00',6,0,'1'),(24,NULL,12,0,'2010-04-08 00:00:00','2010-04-15 00:00:00',4,1,NULL),(25,1,NULL,0,'2010-04-08 00:00:00','2010-04-15 00:00:00',1,0,'1'),(26,NULL,12,0,'2010-04-08 00:00:00','2010-04-15 00:00:00',7,1,NULL),(27,NULL,12,0,'2010-04-08 00:00:00','2010-04-15 00:00:00',16,1,NULL),(28,1,NULL,0,'2010-04-08 00:00:00','2010-04-09 00:00:00',18,0,'1'),(29,1,NULL,0,'2010-04-08 00:00:00','2010-04-17 00:00:00',7,1,'0'),(30,NULL,NULL,38,'2010-04-09 00:00:00','2010-04-15 00:00:00',7,3,NULL),(31,NULL,NULL,38,'2010-04-09 00:00:00','2010-04-16 00:00:00',4,5,'0'),(32,1,NULL,NULL,'2010-04-09 00:00:00','2010-04-16 00:00:00',7,2,'0'),(33,NULL,NULL,38,'2010-04-09 00:00:00','2010-04-16 00:00:00',4,1,NULL),(34,NULL,17,NULL,'2010-04-14 00:00:00','2010-04-18 00:00:00',5,0,'1'),(35,NULL,-1,NULL,'2010-04-18 00:00:00','2010-04-25 00:00:00',6,0,'1'),(36,NULL,NULL,40,'2010-04-18 00:00:00','2010-04-25 00:00:00',1,1,NULL),(37,1,NULL,NULL,'2010-04-18 00:00:00','2010-04-25 00:00:00',1,1,NULL),(38,NULL,35,NULL,'2010-04-18 00:00:00','2010-04-25 00:00:00',4,1,NULL);
/*!40000 ALTER TABLE `equipment_bookings` ENABLE KEYS */;
UNLOCK TABLES;

--
-- Table structure for table `classes`
--

DROP TABLE IF EXISTS `classes`;
/*!40101 SET @saved_cs_client     = @@character_set_client */;
/*!40101 SET character_set_client = utf8 */;
CREATE TABLE `classes` (
  `id_class` int(11) NOT NULL AUTO_INCREMENT,
  `name` varchar(50) DEFAULT NULL,
  `description` text,
  `type` varchar(50) DEFAULT NULL,
  PRIMARY KEY (`id_class`)
) ENGINE=InnoDB AUTO_INCREMENT=24 DEFAULT CHARSET=latin1;
/*!40101 SET character_set_client = @saved_cs_client */;

--
-- Dumping data for table `classes`
--

LOCK TABLES `classes` WRITE;
/*!40000 ALTER TABLE `classes` DISABLE KEYS */;
INSERT INTO `classes` VALUES (0,'Yoga','Good for you!','Group'),(1,'Badminton','Hehe','Personal'),(2,'Aerobic','sss','Group'),(11,'Newtest','','Group'),(18,'34','34534','Group'),(19,'sdgd','fgdg','Group'),(20,'fsdf','sdfsdf','Group'),(21,'dgfdg','dfgdfg','Group'),(22,'uhrfh','fghfgh','Group'),(23,'dance','break','Group');
/*!40000 ALTER TABLE `classes` ENABLE KEYS */;
UNLOCK TABLES;

--
-- Table structure for table `payments`
--

DROP TABLE IF EXISTS `payments`;
/*!40101 SET @saved_cs_client     = @@character_set_client */;
/*!40101 SET character_set_client = utf8 */;
CREATE TABLE `payments` (
  `id_payment` int(11) NOT NULL AUTO_INCREMENT,
  `id_member` int(11) NOT NULL,
  `date` date NOT NULL,
  `amount` decimal(6,2) NOT NULL,
  `details` varchar(150) DEFAULT NULL,
  `receiptnumber` varchar(45) DEFAULT NULL,
  `paymentmethod` varchar(45) DEFAULT NULL,
  `receivedby` varchar(45) DEFAULT NULL,
  PRIMARY KEY (`id_payment`),
  KEY `id_member` (`id_member`),
  CONSTRAINT `payments_ibfk_1` FOREIGN KEY (`id_member`) REFERENCES `members` (`id_member`) ON DELETE NO ACTION ON UPDATE NO ACTION
) ENGINE=InnoDB AUTO_INCREMENT=15 DEFAULT CHARSET=latin1;
/*!40101 SET character_set_client = @saved_cs_client */;

--
-- Dumping data for table `payments`
--

LOCK TABLES `payments` WRITE;
/*!40000 ALTER TABLE `payments` DISABLE KEYS */;
INSERT INTO `payments` VALUES (1,5,'2010-03-03','2000.00','2 months',NULL,NULL,'1'),(2,6,'2010-01-12','2000.00','sdfsd',NULL,NULL,'6'),(3,5,'2010-01-31','2000.00','dfgd',NULL,NULL,'1'),(4,5,'2010-12-31','2000.00','dfgdf',NULL,NULL,'6'),(5,10,'2010-12-13','2000.00','sdfs',NULL,NULL,'1'),(6,11,'2010-12-31','2000.00','dfsad',NULL,NULL,'6'),(7,4,'2009-12-31','2222.22','test',NULL,NULL,'1'),(8,5,'2222-12-22','2000.00','',NULL,NULL,'6'),(9,5,'1212-12-12','100.00','',NULL,NULL,'1'),(10,10,'1111-11-11','1111.11','',NULL,NULL,'6'),(11,10,'2010-04-14','200.00','Membership fee paid until 01-08-2010',NULL,NULL,'1'),(12,17,'2010-04-14','200.00','fee until august 2010',NULL,NULL,'6'),(13,5,'2010-04-15','1111.11','','sdfsd','','6'),(14,4,'2010-04-18','2222.22','asda','13213','','6');
/*!40000 ALTER TABLE `payments` ENABLE KEYS */;
UNLOCK TABLES;

--
-- Table structure for table `members`
--

DROP TABLE IF EXISTS `members`;
/*!40101 SET @saved_cs_client     = @@character_set_client */;
/*!40101 SET character_set_client = utf8 */;
CREATE TABLE `members` (
  `id_member` int(11) NOT NULL AUTO_INCREMENT,
  `firstName` varchar(60) NOT NULL,
  `lastName` varchar(60) NOT NULL,
  `birthdate` date NOT NULL,
  `address_1` text,
  `city` varchar(60) DEFAULT NULL,
  `county` varchar(60) DEFAULT NULL,
  `postalcode` varchar(15) DEFAULT NULL,
  `type` varchar(50) DEFAULT NULL,
  `id_user` int(11) DEFAULT NULL,
  `is_active` tinyint(1) DEFAULT '1',
  `address_2` text,
  `emerg_contact_name` varchar(45) DEFAULT NULL,
  `emerg_contact_relation` varchar(45) DEFAULT NULL,
  `emerg_contact_phone` varchar(45) DEFAULT NULL,
  `emerg_contact_mobile` varchar(45) DEFAULT NULL,
  `medical_allergies` text,
  `medical_notes` text,
  `id_file` varchar(45) DEFAULT NULL,
  `medical_doctor_name` varchar(45) DEFAULT NULL,
  `medical_phone` varchar(45) DEFAULT NULL,
  `email` varchar(75) NOT NULL DEFAULT 'N/A',
  `member_number` varchar(75) NOT NULL DEFAULT 'N/A',
  `phone` varchar(45) DEFAULT NULL,
  `mobile` varchar(45) DEFAULT NULL,
  `sid` varchar(45) DEFAULT NULL,
  `studcardnumber` varchar(45) DEFAULT NULL,
  `gender` varchar(45) DEFAULT NULL,
  PRIMARY KEY (`id_member`),
  KEY `id_user` (`id_user`),
  CONSTRAINT `members_ibfk_1` FOREIGN KEY (`id_user`) REFERENCES `users` (`id_user`) ON DELETE CASCADE ON UPDATE CASCADE
) ENGINE=InnoDB AUTO_INCREMENT=37 DEFAULT CHARSET=latin1;
/*!40101 SET character_set_client = @saved_cs_client */;

--
-- Dumping data for table `members`
--

LOCK TABLES `members` WRITE;
/*!40000 ALTER TABLE `members` DISABLE KEYS */;
INSERT INTO `members` VALUES (4,'Janos','McDonovan','1091-06-24','my house','Cambridge','Cambrdigeshire','CB2  2AS','',1,1,'my house','Jennah Jameson','Mother','081231232','071231231','Clorhyne','I have had 4 heart attacks.','8','Dr. House','612361263','admin@ad.min','N/A','','','0819563/1','','male'),(5,'Ricardo','Da Force','1991-05-15','kh2443','','','     ','',2,1,'kh','ñlkhñ','ñlk','kl','jh','hlkj','ñlkh','','lkh','lkj','asdasd@asd.es45','N/A','','','','','female'),(6,'Joana','Ferras','1012-11-12','qwdqd','','','CB4  2NJ','',3,1,'','Cuenca','','','','','None She is fine!!!','','House','','skarvin@asd.es65','N/A','123123123','123123123','','','male'),(10,'Jonas','Pendejo','1221-12-12','','','','     ','',4,1,'','','','','','','','','','','skarvin@asdfas.es877','714 271 422','','','','','male'),(11,'joan','asda','1990-09-14','','','','     ','',5,1,'','','','','','','',NULL,'','','skarvin@asd.esa','698 911 330',NULL,NULL,NULL,NULL,'male'),(12,'Isidro','Catalan','1111-01-01','ñlkñlknlkjb','ñkmmkljbgfgjhguigh','ghukghbkghhl','CB4  2SQ','Group',6,1,'ñljnblkn´ñlkñklbjknñjhlj','fas dfad f','asdfsd fasd','sdaf sdf ','asd fasd','lots','asdkjaskjds ek nsgksfghfgh',NULL,'asdas d','asd fasd fasd','asdasd@asdasd.es','972 513 629','','',NULL,NULL,'male'),(16,'gh','hgfgh','1981-06-24','gf','h','ff','     ','',7,1,'zxdfsdf','','','','','','','','','','skarvin@gmail.com','330 568 590','','','','','female'),(17,'Mr Joan','Donovan','1990-07-12','House 1','Cambrdige','Cambrdigeshire','CB4  2NA','',8,1,'House 2','My Contact','None','1231231','1231241','Lots and Lots','You dont care mate\r\n\r\n\r\nHAHAHAHA',NULL,'House','','skarvin@marca.es','393 620 591','921231231','666666666','','','female'),(19,'assdgf','ssdfsd','1212-12-12','','','','     ','',10,0,'','','','','','','','','','','zxczxc@sdfsdgfs.es','822 556 789','','','','','male'),(20,'dfgdfg','dfgdf','1111-11-11','','','','     ','',11,0,'','','','','','','','','','','sdfdsf@dfgdrg.com','321 265 755','','','','','female'),(21,'Jano','Mano','1980-12-12','','','','     ','',12,1,'','','','','','','',NULL,'','','janos_hefko@yahoo.co.uk','633 402 358','','','','','male'),(22,'sfdsd','sdfsdf','1980-01-01','sdfsd','','','     ','',13,1,'sdfsdf','','','','','','Heart trouble: 		y/n\r\nChest pain: 		y/n\r\nDizzyness:		y/n\r\nUnconsciousness:		y/n\r\nBlood pressure:		low/high/ok\r\nJoint problems:		y/n\r\nBack pain or injury:		y/n\r\nTakes medication:		y/n\r\nPregnant or recent birth:	y/n\r\nOperations in 2 years:	y/n\r\nDoctor is against exercise:	y/n\r\nAny reason not exercise:	y/n\r\nEpilepsy:			y/n\r\nDiabetes:			y/n\r\nAsthma:			y/n\r\nComments/Other:','','','','asdasd@sdf.com','219 980 637','','','','','female'),(23,'','','1980-01-01','','','','     ','',14,0,'','','','','','','','','','','a@b.d','324 466 816','','','','','male'),(24,'Janos','Hefko','1980-01-01','','','','     ','Individual',15,1,'fgdgsfg','','','','','','',NULL,'','','a@b.v','939 563 120','','',NULL,NULL,'female'),(25,'Come baby','score the wikblits','1900-12-12','','','','     ','Student Full Time',16,1,'','','','','','','Heart trouble: 		y/n\r\nChest pain: 		y/n\r\nDizzyness:		y/n\r\nUnconsciousness:		y/n\r\nBlood pressure:		low/high\r\nJoint problems:		y/n\r\nBack pain or injury:		y/n\r\nTakes medication:		y/n\r\nPregnant or recent birth:	y/n\r\nOperations in 2 years:	y/n\r\nDoctor is against exercise:	y/n\r\nAny reason not exercise:	y/n\r\nEpilepsy:			y/n\r\nDiabetes:			y/n\r\nAsthma:			y/n\r\nComments/Other:',NULL,'','','d@e.f','983 605 587','','','','','male'),(26,'','jjjkkklll','1950-11-11','','','','     ','Student Full Time',17,0,'','','','','','','Heart trouble: 		y/n\r\nChest pain: 		y/n\r\nDizzyness:		y/n\r\nUnconsciousness:		y/n\r\nBlood pressure:		low/high\r\nJoint problems:		y/n\r\nBack pain or injury:		y/n\r\nTakes medication:		y/n\r\nPregnant or recent birth:	y/n\r\nOperations in 2 years:	y/n\r\nDoctor is against exercise:	y/n\r\nAny reason not exercise:	y/n\r\nEpilepsy:			y/n\r\nDiabetes:			y/n\r\nAsthma:			y/n\r\nComments/Other:','','','','w@f.h','160 942 534','','','','','male'),(27,'','','2000-11-11','','','','     ','Student Full Time',18,1,'','','','','','','Heart trouble: 		y/n\r\nChest pain: 		y/n\r\nDizzyness:		y/n\r\nUnconsciousness:		y/n\r\nBlood pressure:		low/high\r\nJoint problems:		y/n\r\nBack pain or injury:		y/n\r\nTakes medication:		y/n\r\nPregnant or recent birth:	y/n\r\nOperations in 2 years:	y/n\r\nDoctor is against exercise:	y/n\r\nAny reason not exercise:	y/n\r\nEpilepsy:			y/n\r\nDiabetes:			y/n\r\nAsthma:			y/n\r\nComments/Other:',NULL,'','','t@r.k','802 795 886','','','','','male'),(28,'','','2000-11-11','','','','     ','Student Full Time',19,1,'','','','','','','Heart trouble: 		y/n\r\nChest pain: 		y/n\r\nDizzyness:		y/n\r\nUnconsciousness:		y/n\r\nBlood pressure:		low/high\r\nJoint problems:		y/n\r\nBack pain or injury:		y/n\r\nTakes medication:		y/n\r\nPregnant or recent birth:	y/n\r\nOperations in 2 years:	y/n\r\nDoctor is against exercise:	y/n\r\nAny reason not exercise:	y/n\r\nEpilepsy:			y/n\r\nDiabetes:			y/n\r\nAsthma:			y/n\r\nComments/Other:',NULL,'','','e@T.h','249 157 243','','','','','male'),(29,'','','2222-12-12','','','','     ','Student Full Time',20,1,'','','','','','','Heart trouble: 		y/n\r\nChest pain: 		y/n\r\nDizzyness:		y/n\r\nUnconsciousness:		y/n\r\nBlood pressure:		low/high\r\nJoint problems:		y/n\r\nBack pain or injury:		y/n\r\nTakes medication:		y/n\r\nPregnant or recent birth:	y/n\r\nOperations in 2 years:	y/n\r\nDoctor is against exercise:	y/n\r\nAny reason not exercise:	y/n\r\nEpilepsy:			y/n\r\nDiabetes:			y/n\r\nAsthma:			y/n\r\nComments/Other:',NULL,'','','e@q.a','895 821 289','','','','','male'),(30,'','','1111-12-12','','','','     ','Student Full Time',21,1,'sfsdfsefsdfsdf','','','','','','Heart trouble: 		y/n\r\nChest pain: 		y/n\r\nDizzyness:		y/n\r\nUnconsciousness:		y/n\r\nBlood pressure:		low/high\r\nJoint problems:		y/n\r\nBack pain or injury:		y/n\r\nTakes medication:		y/n\r\nPregnant or recent birth:	y/n\r\nOperations in 2 years:	y/n\r\nDoctor is against exercise:	y/n\r\nAny reason not exercise:	y/n\r\nEpilepsy:			y/n\r\nDiabetes:			y/n\r\nAsthma:			y/n\r\nComments/Other:',NULL,'','','r@g.v','951 134 654','','','','','male'),(31,'','','2222-11-11','','','','     ','Student Full Time',22,1,'','','','','','','Heart trouble: 		y/n\r\nChest pain: 		y/n\r\nDizzyness:		y/n\r\nUnconsciousness:		y/n\r\nBlood pressure:		low/high\r\nJoint problems:		y/n\r\nBack pain or injury:		y/n\r\nTakes medication:		y/n\r\nPregnant or recent birth:	y/n\r\nOperations in 2 years:	y/n\r\nDoctor is against exercise:	y/n\r\nAny reason not exercise:	y/n\r\nEpilepsy:			y/n\r\nDiabetes:			y/n\r\nAsthma:			y/n\r\nComments/Other:',NULL,'','','t@r.h','523 963 583','','','','','male'),(32,'Janos','Hefko','1976-05-06','Flat 11, Mushroom House','Cambridge','Cambridgeshire','CM21 0DF','Student Full Time',77,1,'Futrinka Street','Bernadett Samu','Partner','01223999000','07876444777','none','Heart trouble: 		n\r\nChest pain: 		n\r\nDizzyness:		n\r\nUnconsciousness:		n\r\nBlood pressure:		ok\r\nJoint problems:		n\r\nBack pain or injury:		n\r\nTakes medication:		n\r\nPregnant or recent birth:	n\r\nOperations in 2 years:	n\r\nDoctor is against exercise:	n\r\nAny reason not exercise:	n\r\nEpilepsy:			n\r\nDiabetes:			n\r\nAsthma:			n\r\nComments/Other:\r\nnone','','Dr Bubo','01223777888','janos_hefko@yahoo.com','848 281 181','01223444555','07838123456','0819563/1','000111222333444','male'),(33,'','','1111-11-11','','','','     ','Student Full Time',78,1,'','','','','','none','Heart trouble: 		y/n\r\nChest pain: 		y/n\r\nDizzyness:		y/n\r\nUnconsciousness:		y/n\r\nBlood pressure:		low/high/ok\r\nJoint problems:		y/n\r\nBack pain or injury:		y/n\r\nTakes medication:		y/n\r\nPregnant or recent birth:	y/n\r\nOperations in 2 years:	y/n\r\nDoctor is against exercise:	y/n\r\nAny reason not exercise:	y/n\r\nEpilepsy:			y/n\r\nDiabetes:			y/n\r\nAsthma:			y/n\r\nComments/Other:','8','','','r@t.y','968 383 596','','','','','male'),(34,'','','1212-12-12','','','','     ','Student Full Time',79,1,'','','','','','none','Heart trouble: 		y/n\r\nChest pain: 		y/n\r\nDizzyness:		y/n\r\nUnconsciousness:		y/n\r\nBlood pressure:		low/high/ok\r\nJoint problems:		y/n\r\nBack pain or injury:		y/n\r\nTakes medication:		y/n\r\nPregnant or recent birth:	y/n\r\nOperations in 2 years:	y/n\r\nDoctor is against exercise:	y/n\r\nAny reason not exercise:	y/n\r\nEpilepsy:			y/n\r\nDiabetes:			y/n\r\nAsthma:			y/n\r\nComments/Other:','','','','j@dd.gg','508 221 375','','','','','male'),(35,'ddddeeeee','','1111-11-11','','','','     ','Student Full Time',80,1,'','','','','','none','Heart trouble: 		y/n\r\nChest pain: 		y/n\r\nDizzyness:		y/n\r\nUnconsciousness:		y/n\r\nBlood pressure:		low/high/ok\r\nJoint problems:		y/n\r\nBack pain or injury:		y/n\r\nTakes medication:		y/n\r\nPregnant or recent birth:	y/n\r\nOperations in 2 years:	y/n\r\nDoctor is against exercise:	y/n\r\nAny reason not exercise:	y/n\r\nEpilepsy:			y/n\r\nDiabetes:			y/n\r\nAsthma:			y/n\r\nComments/Other:','','','','dd@dd.gg','339 440 921','','','','','male'),(36,'ggggg','TEST','1999-12-12','','','','     ','Student Full Time',81,0,'','','','','','none','Heart trouble: 		y/n\r\nChest pain: 		y/n\r\nDizzyness:		y/n\r\nUnconsciousness:		y/n\r\nBlood pressure:		low/high/ok\r\nJoint problems:		y/n\r\nBack pain or injury:		y/n\r\nTakes medication:		y/n\r\nPregnant or recent birth:	y/n\r\nOperations in 2 years:	y/n\r\nDoctor is against exercise:	y/n\r\nAny reason not exercise:	y/n\r\nEpilepsy:			y/n\r\nDiabetes:			y/n\r\nAsthma:			y/n\r\nComments/Other:','','','','tes@t.t','678 444 583','','','','','male');
/*!40000 ALTER TABLE `members` ENABLE KEYS */;
UNLOCK TABLES;

--
-- Table structure for table `class_instance`
--

DROP TABLE IF EXISTS `class_instance`;
/*!40101 SET @saved_cs_client     = @@character_set_client */;
/*!40101 SET character_set_client = utf8 */;
CREATE TABLE `class_instance` (
  `id_class_instance` int(11) NOT NULL AUTO_INCREMENT,
  `id_class` int(11) DEFAULT NULL,
  `id_staff` int(11) DEFAULT NULL,
  `date` date DEFAULT NULL,
  `start_time` time DEFAULT NULL,
  `end_time` time DEFAULT NULL,
  `frequency` varchar(40) DEFAULT NULL,
  `id_room` int(11) DEFAULT NULL,
  PRIMARY KEY (`id_class_instance`),
  KEY `id_class` (`id_class`),
  KEY `id_staff` (`id_staff`),
  KEY `class_instance_ibfk_3` (`id_room`),
  CONSTRAINT `class_instance_ibfk_1` FOREIGN KEY (`id_class`) REFERENCES `classes` (`id_class`),
  CONSTRAINT `class_instance_ibfk_2` FOREIGN KEY (`id_staff`) REFERENCES `staff` (`id_staff`),
  CONSTRAINT `class_instance_ibfk_3` FOREIGN KEY (`id_room`) REFERENCES `rooms` (`id_room`) ON DELETE CASCADE ON UPDATE CASCADE
) ENGINE=InnoDB AUTO_INCREMENT=41 DEFAULT CHARSET=latin1;
/*!40101 SET character_set_client = @saved_cs_client */;

--
-- Dumping data for table `class_instance`
--

LOCK TABLES `class_instance` WRITE;
/*!40000 ALTER TABLE `class_instance` DISABLE KEYS */;
INSERT INTO `class_instance` VALUES (38,0,1,'2010-05-05','19:00:00','20:00:00','Daily',1),(39,0,1,'2010-12-12','18:18:00','18:19:00','',1),(40,0,1,'1212-12-12','12:12:00','13:13:00','Daily',1);
/*!40000 ALTER TABLE `class_instance` ENABLE KEYS */;
UNLOCK TABLES;

--
-- Table structure for table `staff`
--

DROP TABLE IF EXISTS `staff`;
/*!40101 SET @saved_cs_client     = @@character_set_client */;
/*!40101 SET character_set_client = utf8 */;
CREATE TABLE `staff` (
  `id_staff` int(11) NOT NULL AUTO_INCREMENT,
  `firstName` varchar(60) NOT NULL,
  `lastName` varchar(60) NOT NULL,
  `birthdate` date NOT NULL,
  `address_1` text NOT NULL,
  `city` varchar(60) DEFAULT NULL,
  `county` varchar(60) DEFAULT NULL,
  `postalcode` varchar(15) DEFAULT NULL,
  `contract_type` varchar(50) DEFAULT NULL,
  `natinsnumber` varchar(50) DEFAULT NULL,
  `position` varchar(50) DEFAULT NULL,
  `contract_start` date DEFAULT NULL,
  `contract_finish` date DEFAULT NULL,
  `id_user` int(11) DEFAULT NULL,
  `address_2` varchar(45) DEFAULT NULL,
  `emerg_contact_name` varchar(45) DEFAULT NULL,
  `emerg_contact_telephone` varchar(45) DEFAULT NULL,
  `emerg_contact_relation` varchar(45) DEFAULT NULL,
  `allergies` varchar(90) DEFAULT NULL,
  `medicalNotes` text,
  `qualifications` text,
  `phone` varchar(45) DEFAULT NULL,
  `mobile` varchar(45) DEFAULT NULL,
  `email` varchar(45) DEFAULT NULL,
  `emerg_contact_mobile` varchar(45) DEFAULT NULL,
  `medical_doctor_name` varchar(45) DEFAULT NULL,
  `medical_phone` varchar(45) DEFAULT NULL,
  PRIMARY KEY (`id_staff`),
  KEY `id_user` (`id_user`),
  CONSTRAINT `staff_ibfk_1` FOREIGN KEY (`id_user`) REFERENCES `users` (`id_user`) ON DELETE CASCADE ON UPDATE CASCADE
) ENGINE=InnoDB AUTO_INCREMENT=7 DEFAULT CHARSET=latin1;
/*!40101 SET character_set_client = @saved_cs_client */;

--
-- Dumping data for table `staff`
--

LOCK TABLES `staff` WRITE;
/*!40000 ALTER TABLE `staff` DISABLE KEYS */;
INSERT INTO `staff` VALUES (1,'Jani','Mani','1980-01-01','78 Tower Bridge','','','CM21 0DF','Full-time','','Instructor','2010-12-12','2015-12-12',23,'','','','','','','','','','janimani@a.com','','',''),(6,'George','Clooney','1999-01-01','','','','     ','','','','2001-11-11','2001-11-11',24,'','','','','','','','','','a@b.qqq','','','');
/*!40000 ALTER TABLE `staff` ENABLE KEYS */;
UNLOCK TABLES;

--
-- Table structure for table `users`
--

DROP TABLE IF EXISTS `users`;
/*!40101 SET @saved_cs_client     = @@character_set_client */;
/*!40101 SET character_set_client = utf8 */;
CREATE TABLE `users` (
  `id_user` int(11) NOT NULL AUTO_INCREMENT,
  `login` varchar(50) NOT NULL,
  `password` varchar(33) NOT NULL,
  `profile` varchar(50) DEFAULT NULL,
  `active` tinyint(1) NOT NULL,
  PRIMARY KEY (`id_user`),
  UNIQUE KEY `login_UNIQUE` (`login`)
) ENGINE=InnoDB AUTO_INCREMENT=82 DEFAULT CHARSET=latin1;
/*!40101 SET character_set_client = @saved_cs_client */;

--
-- Dumping data for table `users`
--

LOCK TABLES `users` WRITE;
/*!40000 ALTER TABLE `users` DISABLE KEYS */;
INSERT INTO `users` VALUES (1,'admin@ad.min','21232f297a57a5a743894a0e4a801fc3','manager',1),(2,'asdasd@asd.es45','a21653c0d8bfc7a610adce04a20563a3','member',1),(3,'skarvin@asd.es65','c29b2d78629b6e875de4975aa4c19019','member',1),(4,'skarvin@asdfas.es877','2a157d0eb15265b90c76ce6cbaaddb4e','member',1),(5,'skarvin@asdfas.es','c29b2d78629b6e875de4975aa4c19019','member',1),(6,'t@r.h','4117a218ebdf403bf4093536232846f2','member',1),(7,'skarvin@gmail.com','bcef43f532a3dd35af1c6bcf7228d3f2','member',1),(8,'skarvin@marca.es','74803fdf0df9cc0dbc5748743bce962a','member',0),(10,'zxczxc@sdfsdgfs.es','6189bd36da9400207d59ab95e73b3810','member',0),(11,'sdfdsf@dfgdrg.com','ffd5028b197fc0395be5bece481a5524','member',0),(12,'ric@2.com','21232f297a57a5a743894a0e4a801fc3','manager',1),(13,'asdasd@sdf.com','a07d6d3386eb54a223ad282dee1fbfe4','member',1),(14,'a@b.d','e0e73285f609bde970589181a0e1d915','member',0),(15,'a@b.c','1ff38bb62e741aef065a57f555f4b838','member',1),(16,'r@g.v','47310bbcef87ae0a6257bb2b5d1d2046','member',1),(17,'w@f.h','bcef43f532a3dd35af1c6bcf7228d3f2','member',0),(18,'e@T.a','bcef43f532a3dd35af1c6bcf7228d3f2','member',1),(19,'e@T.b','bcef43f532a3dd35af1c6bcf7228d3f2','member',1),(20,'e@T.c','bcef43f532a3dd35af1c6bcf7228d3f2','member',1),(21,'e@T.d','bcef43f532a3dd35af1c6bcf7228d3f2','member',1),(22,'e@T.e','bcef43f532a3dd35af1c6bcf7228d3f2','member',1),(23,'janimani@a.com','bcef43f532a3dd35af1c6bcf7228d3f2','staff',1),(24,'a@b.qqq','bcef43f532a3dd35af1c6bcf7228d3f2','staff',1),(77,'janos_hefko@yahoo.com','8b7523a4232f236111f3c8c495e5bf47','member',1),(78,'r@t.y','95ad068a8b78061f6c4ed0bc68f586b6','member',1),(79,'j@dd.gg','14e1a4e1dca3afa182db7005365ea7a4','member',1),(80,'dd@dd.gg','95ad068a8b78061f6c4ed0bc68f586b6','member',1),(81,'tes@t.t','5493e8142dc17220cd4143e5c2781fa6','member',0);
/*!40000 ALTER TABLE `users` ENABLE KEYS */;
UNLOCK TABLES;
/*!40103 SET TIME_ZONE=@OLD_TIME_ZONE */;

/*!40101 SET SQL_MODE=@OLD_SQL_MODE */;
/*!40014 SET FOREIGN_KEY_CHECKS=@OLD_FOREIGN_KEY_CHECKS */;
/*!40014 SET UNIQUE_CHECKS=@OLD_UNIQUE_CHECKS */;
/*!40101 SET CHARACTER_SET_CLIENT=@OLD_CHARACTER_SET_CLIENT */;
/*!40101 SET CHARACTER_SET_RESULTS=@OLD_CHARACTER_SET_RESULTS */;
/*!40101 SET COLLATION_CONNECTION=@OLD_COLLATION_CONNECTION */;
/*!40111 SET SQL_NOTES=@OLD_SQL_NOTES */;

-- Dump completed on 2010-04-19 14:25:54
